sex,Birthcohort_persons,Dose,type_vax,week,Persontime,Persontime_COVID_L1plus,Persontime_COVID_L2plus,Persontime_COVID_L3plus,Persontime_COVID_L4plus,Persontime_COVID_L5plus,COVID_L1plus_b,COVID_L2plus_b,COVID_L3plus_b,COVID_L4plus_b,COVID_L5plus_b
0,1990+,0,,2020-01-06,308,308,308,308,308,308,0,0,0,0,0
1,1970-1979,0,,2020-01-06,231,231,231,231,231,231,0,0,0,0,0
0,<1940,0,,2020-01-06,147,147,147,147,147,147,0,0,0,0,0
1,1940-1949,0,,2020-01-06,119,119,119,119,119,119,0,0,0,0,0
0,1940-1949,0,,2020-01-06,196,196,196,196,196,196,0,0,0,0,0
1,1950-1959,0,,2020-01-06,185,185,185,185,185,185,0,0,0,0,0
0,1960-1969,0,,2020-01-06,294,294,294,294,294,294,0,0,0,0,0
0,1950-1959,0,,2020-01-06,175,175,175,175,175,175,0,0,0,0,0
1,1960-1969,0,,2020-01-06,196,196,196,196,196,196,0,0,0,0,0
1,1990+,0,,2020-01-06,252,252,252,252,252,252,0,0,0,0,0
0,1980-1989,0,,2020-01-06,189,189,189,189,189,189,0,0,0,0,0
0,1970-1979,0,,2020-01-06,196,196,196,196,196,196,0,0,0,0,0
1,<1940,0,,2020-01-06,112,112,112,112,112,112,0,0,0,0,0
1,1980-1989,0,,2020-01-06,112,112,112,112,112,112,0,0,0,0,0
0,1990+,0,,2020-01-13,308,308,308,308,308,308,0,0,0,0,0
1,1970-1979,0,,2020-01-13,226,226,226,226,226,226,0,0,0,0,0
0,<1940,0,,2020-01-13,147,147,147,147,147,147,0,0,0,0,0
1,1940-1949,0,,2020-01-13,119,119,119,119,119,119,0,0,0,0,0
0,1940-1949,0,,2020-01-13,196,196,196,196,196,196,0,0,0,0,0
1,1950-1959,0,,2020-01-13,182,182,182,182,182,182,0,0,0,0,0
0,1960-1969,0,,2020-01-13,294,294,294,294,294,294,0,0,0,0,0
0,1950-1959,0,,2020-01-13,175,175,175,175,175,175,0,0,0,0,0
1,1960-1969,0,,2020-01-13,196,196,196,196,196,196,0,0,0,0,0
1,1990+,0,,2020-01-13,252,252,252,252,252,252,0,0,0,0,0
0,1980-1989,0,,2020-01-13,185,185,185,185,185,185,0,0,0,0,0
0,1970-1979,0,,2020-01-13,196,196,196,196,196,196,0,0,0,0,0
1,<1940,0,,2020-01-13,112,112,112,112,112,112,0,0,0,0,0
1,1980-1989,0,,2020-01-13,105,105,105,105,105,105,0,0,0,0,0
0,1990+,0,,2020-01-20,308,308,308,308,308,308,0,0,0,0,0
1,1970-1979,0,,2020-01-20,224,224,224,224,224,224,0,0,0,0,0
0,<1940,0,,2020-01-20,147,147,147,147,147,147,0,0,0,0,0
1,1940-1949,0,,2020-01-20,119,119,119,119,119,119,0,0,0,0,0
0,1940-1949,0,,2020-01-20,196,196,196,196,196,196,0,0,0,0,0
1,1950-1959,0,,2020-01-20,182,182,182,182,182,182,0,0,0,0,0
0,1960-1969,0,,2020-01-20,294,294,294,294,294,294,0,0,0,0,0
0,1950-1959,0,,2020-01-20,175,175,175,175,175,175,0,0,0,0,0
1,1960-1969,0,,2020-01-20,196,196,196,196,196,196,0,0,0,0,0
1,1990+,0,,2020-01-20,252,252,252,252,252,252,0,0,0,0,0
0,1980-1989,0,,2020-01-20,182,182,182,182,182,182,0,0,0,0,0
0,1970-1979,0,,2020-01-20,196,196,196,196,196,196,0,0,0,0,0
1,<1940,0,,2020-01-20,112,112,112,112,112,112,0,0,0,0,0
1,1980-1989,0,,2020-01-20,105,105,105,105,105,105,0,0,0,0,0
0,1990+,0,,2020-01-27,308,308,308,308,308,308,0,0,0,0,0
1,1970-1979,0,,2020-01-27,224,224,224,224,224,224,0,0,0,0,0
0,<1940,0,,2020-01-27,147,147,147,147,147,147,0,0,0,0,0
1,1940-1949,0,,2020-01-27,119,119,119,119,119,119,0,0,0,0,0
0,1940-1949,0,,2020-01-27,196,196,196,196,196,196,0,0,0,0,0
1,1950-1959,0,,2020-01-27,182,182,182,182,182,182,0,0,0,0,0
0,1960-1969,0,,2020-01-27,294,294,294,294,294,294,0,0,0,0,0
0,1950-1959,0,,2020-01-27,175,175,175,175,175,175,0,0,0,0,0
1,1960-1969,0,,2020-01-27,196,196,196,196,196,196,0,0,0,0,0
1,1990+,0,,2020-01-27,252,252,252,252,252,252,0,0,0,0,0
0,1980-1989,0,,2020-01-27,182,182,182,182,182,182,0,0,0,0,0
0,1970-1979,0,,2020-01-27,196,196,196,196,196,196,0,0,0,0,0
1,<1940,0,,2020-01-27,112,112,112,112,112,112,0,0,0,0,0
1,1980-1989,0,,2020-01-27,105,105,105,105,105,105,0,0,0,0,0
0,1990+,0,,2020-02-03,308,308,308,308,308,308,0,0,0,0,0
1,1970-1979,0,,2020-02-03,224,224,224,224,224,224,0,0,0,0,0
0,<1940,0,,2020-02-03,147,147,147,147,147,147,0,0,0,0,0
1,1940-1949,0,,2020-02-03,119,119,119,119,119,119,0,0,0,0,0
0,1940-1949,0,,2020-02-03,196,196,196,196,196,196,0,0,0,0,0
1,1950-1959,0,,2020-02-03,182,182,182,182,182,182,0,0,0,0,0
0,1960-1969,0,,2020-02-03,294,294,294,294,294,294,0,0,0,0,0
0,1950-1959,0,,2020-02-03,175,175,175,175,175,175,0,0,0,0,0
1,1960-1969,0,,2020-02-03,196,196,196,196,196,196,0,0,0,0,0
1,1990+,0,,2020-02-03,252,252,252,252,252,252,0,0,0,0,0
0,1980-1989,0,,2020-02-03,182,182,182,182,182,182,0,0,0,0,0
0,1970-1979,0,,2020-02-03,196,196,196,196,196,196,0,0,0,0,0
1,<1940,0,,2020-02-03,112,112,112,112,112,112,0,0,0,0,0
1,1980-1989,0,,2020-02-03,105,105,105,105,105,105,0,0,0,0,0
0,1990+,0,,2020-02-10,308,308,308,308,308,308,0,0,0,0,0
1,1970-1979,0,,2020-02-10,217,217,217,217,217,217,0,0,0,0,0
0,<1940,0,,2020-02-10,147,147,147,147,147,147,0,0,0,0,0
1,1940-1949,0,,2020-02-10,119,119,119,119,119,119,0,0,0,0,0
0,1940-1949,0,,2020-02-10,196,196,196,196,196,196,0,0,0,0,0
1,1950-1959,0,,2020-02-10,182,182,182,182,182,182,0,0,0,0,0
0,1960-1969,0,,2020-02-10,294,294,294,294,294,294,0,0,0,0,0
0,1950-1959,0,,2020-02-10,175,175,175,175,175,175,0,0,0,0,0
1,1960-1969,0,,2020-02-10,196,196,196,196,196,196,0,0,0,0,0
1,1990+,0,,2020-02-10,252,252,252,252,252,252,0,0,0,0,0
0,1980-1989,0,,2020-02-10,182,182,182,182,182,182,0,0,0,0,0
0,1970-1979,0,,2020-02-10,196,196,196,196,196,196,0,0,0,0,0
1,<1940,0,,2020-02-10,112,112,112,112,112,112,0,0,0,0,0
1,1980-1989,0,,2020-02-10,105,105,105,105,105,105,0,0,0,0,0
0,1990+,0,,2020-02-17,308,308,308,308,308,308,0,0,0,0,0
1,1970-1979,0,,2020-02-17,217,217,217,217,217,217,0,0,0,0,0
0,<1940,0,,2020-02-17,147,147,147,147,147,147,0,0,0,0,0
1,1940-1949,0,,2020-02-17,119,119,119,119,119,119,0,0,0,0,0
0,1940-1949,0,,2020-02-17,196,196,196,196,196,196,0,0,0,0,0
1,1950-1959,0,,2020-02-17,182,182,182,182,182,182,0,0,0,0,0
0,1960-1969,0,,2020-02-17,294,294,294,294,294,294,0,0,0,0,0
0,1950-1959,0,,2020-02-17,175,175,175,175,175,175,0,0,0,0,0
1,1960-1969,0,,2020-02-17,196,196,196,196,196,196,0,0,0,0,0
1,1990+,0,,2020-02-17,252,252,252,252,252,252,0,0,0,0,0
0,1980-1989,0,,2020-02-17,182,182,182,182,182,182,0,0,0,0,0
0,1970-1979,0,,2020-02-17,196,196,196,196,196,196,0,0,0,0,0
1,<1940,0,,2020-02-17,112,112,112,112,112,112,0,0,0,0,0
1,1980-1989,0,,2020-02-17,105,105,105,105,105,105,0,0,0,0,0
0,1990+,0,,2020-02-24,302,302,302,302,302,302,0,0,0,0,0
1,1970-1979,0,,2020-02-24,217,217,217,217,217,217,0,0,0,0,0
0,<1940,0,,2020-02-24,147,147,147,147,147,147,0,0,0,0,0
1,1940-1949,0,,2020-02-24,119,119,119,119,119,119,0,0,0,0,0
0,1940-1949,0,,2020-02-24,196,196,196,196,196,196,0,0,0,0,0
1,1950-1959,0,,2020-02-24,182,182,182,182,182,182,0,0,0,0,0
0,1960-1969,0,,2020-02-24,294,294,294,294,294,294,0,0,0,0,0
0,1950-1959,0,,2020-02-24,175,175,175,175,175,175,0,0,0,0,0
1,1960-1969,0,,2020-02-24,196,196,196,196,196,196,0,0,0,0,0
1,1990+,0,,2020-02-24,252,252,252,252,252,252,0,0,0,0,0
0,1980-1989,0,,2020-02-24,182,182,182,182,182,182,0,0,0,0,0
0,1970-1979,0,,2020-02-24,196,196,196,196,196,196,0,0,0,0,0
1,<1940,0,,2020-02-24,112,112,112,112,112,112,0,0,0,0,0
1,1980-1989,0,,2020-02-24,105,105,105,105,105,105,0,0,0,0,0
0,1990+,0,,2020-03-02,301,301,301,301,301,301,0,0,0,0,0
1,1970-1979,0,,2020-03-02,217,217,217,217,217,217,0,0,0,0,0
0,<1940,0,,2020-03-02,147,147,147,147,147,147,0,0,0,0,0
1,1940-1949,0,,2020-03-02,119,119,119,119,119,119,0,0,0,0,0
0,1940-1949,0,,2020-03-02,196,196,196,196,196,196,0,0,0,0,0
1,1950-1959,0,,2020-03-02,182,182,182,182,182,182,0,0,0,0,0
0,1960-1969,0,,2020-03-02,294,294,294,294,294,294,0,0,0,0,0
0,1950-1959,0,,2020-03-02,175,175,175,175,175,175,0,0,0,0,0
1,1960-1969,0,,2020-03-02,196,196,196,196,196,196,0,0,0,0,0
1,1990+,0,,2020-03-02,252,252,252,252,252,252,0,0,0,0,0
0,1980-1989,0,,2020-03-02,182,182,182,182,182,182,0,0,0,0,0
0,1970-1979,0,,2020-03-02,196,196,196,196,196,196,0,0,0,0,0
1,<1940,0,,2020-03-02,112,112,112,112,112,112,0,0,0,0,0
1,1980-1989,0,,2020-03-02,105,105,105,105,105,105,0,0,0,0,0
0,1990+,0,,2020-03-09,301,301,301,301,301,301,0,0,0,0,0
1,1970-1979,0,,2020-03-09,217,217,217,217,217,217,0,0,0,0,0
0,<1940,0,,2020-03-09,147,147,147,147,147,147,0,0,0,0,0
1,1940-1949,0,,2020-03-09,119,119,119,119,119,119,0,0,0,0,0
0,1940-1949,0,,2020-03-09,196,196,196,196,196,196,0,0,0,0,0
1,1950-1959,0,,2020-03-09,182,182,182,182,182,182,0,0,0,0,0
0,1960-1969,0,,2020-03-09,294,294,294,294,294,294,0,0,0,0,0
0,1950-1959,0,,2020-03-09,175,175,175,175,175,175,0,0,0,0,0
1,1960-1969,0,,2020-03-09,196,196,196,196,196,196,0,0,0,0,0
1,1990+,0,,2020-03-09,252,252,252,252,252,252,0,0,0,0,0
0,1980-1989,0,,2020-03-09,182,182,182,182,182,182,0,0,0,0,0
0,1970-1979,0,,2020-03-09,192,192,192,192,192,192,0,0,0,0,0
1,<1940,0,,2020-03-09,112,112,112,112,112,112,0,0,0,0,0
1,1980-1989,0,,2020-03-09,105,105,105,105,105,105,0,0,0,0,0
0,1990+,0,,2020-03-16,301,301,301,301,301,301,0,0,0,0,0
1,1970-1979,0,,2020-03-16,217,217,217,217,217,217,0,0,0,0,0
0,<1940,0,,2020-03-16,147,147,147,147,147,147,0,0,0,0,0
1,1940-1949,0,,2020-03-16,119,119,119,119,119,119,0,0,0,0,0
0,1940-1949,0,,2020-03-16,196,196,196,196,196,196,0,0,0,0,0
1,1950-1959,0,,2020-03-16,182,182,182,182,182,182,0,0,0,0,0
0,1960-1969,0,,2020-03-16,294,294,294,294,294,294,0,0,0,0,0
0,1950-1959,0,,2020-03-16,169,169,169,169,169,169,0,0,0,0,0
1,1960-1969,0,,2020-03-16,196,196,196,196,196,196,0,0,0,0,0
1,1990+,0,,2020-03-16,252,252,252,252,252,252,0,0,0,0,0
0,1980-1989,0,,2020-03-16,182,182,182,182,182,182,0,0,0,0,0
0,1970-1979,0,,2020-03-16,189,189,189,189,189,189,0,0,0,0,0
1,<1940,0,,2020-03-16,112,112,112,112,112,112,0,0,0,0,0
1,1980-1989,0,,2020-03-16,105,105,105,105,105,105,0,0,0,0,0
0,1990+,0,,2020-03-23,301,301,301,301,301,301,0,0,0,0,0
1,1970-1979,0,,2020-03-23,217,217,217,217,217,217,0,0,0,0,0
0,<1940,0,,2020-03-23,147,147,147,147,147,147,0,0,0,0,0
1,1940-1949,0,,2020-03-23,119,119,119,119,119,119,0,0,0,0,0
0,1940-1949,0,,2020-03-23,196,196,196,196,196,196,0,0,0,0,0
1,1950-1959,0,,2020-03-23,182,182,182,182,182,182,0,0,0,0,0
0,1960-1969,0,,2020-03-23,294,294,294,294,294,294,0,0,0,0,0
0,1950-1959,0,,2020-03-23,168,168,168,168,168,168,0,0,0,0,0
1,1960-1969,0,,2020-03-23,196,196,196,196,196,196,0,0,0,0,0
1,1990+,0,,2020-03-23,252,252,252,252,252,252,0,0,0,0,0
0,1980-1989,0,,2020-03-23,182,182,182,182,182,182,0,0,0,0,0
0,1970-1979,0,,2020-03-23,189,189,189,189,189,189,0,0,0,0,0
1,<1940,0,,2020-03-23,112,112,112,112,112,112,0,0,0,0,0
1,1980-1989,0,,2020-03-23,105,105,105,105,105,105,0,0,0,0,0
0,1990+,0,,2020-03-30,301,301,301,301,301,301,0,0,0,0,0
1,1970-1979,0,,2020-03-30,217,217,217,217,217,217,0,0,0,0,0
0,<1940,0,,2020-03-30,147,147,147,147,147,147,0,0,0,0,0
1,1940-1949,0,,2020-03-30,119,119,119,119,119,119,0,0,0,0,0
0,1940-1949,0,,2020-03-30,196,196,196,196,196,196,0,0,0,0,0
1,1950-1959,0,,2020-03-30,182,182,182,182,182,182,0,0,0,0,0
0,1960-1969,0,,2020-03-30,294,294,294,294,294,294,0,0,0,0,0
0,1950-1959,0,,2020-03-30,168,168,168,168,168,168,0,0,0,0,0
1,1960-1969,0,,2020-03-30,193,193,193,193,193,193,0,0,0,0,0
1,1990+,0,,2020-03-30,252,252,252,252,252,252,0,0,0,0,0
0,1980-1989,0,,2020-03-30,182,182,182,182,182,182,0,0,0,0,0
0,1970-1979,0,,2020-03-30,189,189,189,189,189,189,0,0,0,0,0
1,<1940,0,,2020-03-30,112,112,112,112,112,112,0,0,0,0,0
1,1980-1989,0,,2020-03-30,105,105,105,105,105,105,0,0,0,0,0
0,1990+,0,,2020-04-06,301,301,301,301,301,301,0,0,0,0,0
1,1970-1979,0,,2020-04-06,217,217,217,217,217,217,0,0,0,0,0
0,<1940,0,,2020-04-06,142,142,142,142,142,142,0,0,0,0,0
1,1940-1949,0,,2020-04-06,119,119,119,119,119,119,0,0,0,0,0
0,1940-1949,0,,2020-04-06,196,196,196,196,196,196,0,0,0,0,0
1,1950-1959,0,,2020-04-06,182,182,182,182,182,182,0,0,0,0,0
0,1960-1969,0,,2020-04-06,294,294,294,294,294,294,0,0,0,0,0
0,1950-1959,0,,2020-04-06,168,168,168,168,168,168,0,0,0,0,0
1,1960-1969,0,,2020-04-06,189,189,189,189,189,189,0,0,0,0,0
1,1990+,0,,2020-04-06,252,252,252,252,252,252,0,0,0,0,0
0,1980-1989,0,,2020-04-06,182,182,182,182,182,182,0,0,0,0,0
0,1970-1979,0,,2020-04-06,189,189,189,189,189,189,0,0,0,0,0
1,<1940,0,,2020-04-06,112,112,112,112,112,112,0,0,0,0,0
1,1980-1989,0,,2020-04-06,105,105,105,105,105,105,0,0,0,0,0
0,1990+,0,,2020-04-13,301,301,301,301,301,301,0,0,0,0,0
1,1970-1979,0,,2020-04-13,217,217,217,217,217,217,0,0,0,0,0
0,<1940,0,,2020-04-13,140,140,140,140,140,140,0,0,0,0,0
1,1940-1949,0,,2020-04-13,119,119,119,119,119,119,0,0,0,0,0
0,1940-1949,0,,2020-04-13,196,196,196,196,196,196,0,0,0,0,0
1,1950-1959,0,,2020-04-13,182,182,182,182,182,182,0,0,0,0,0
0,1960-1969,0,,2020-04-13,294,294,294,294,294,294,0,0,0,0,0
0,1950-1959,0,,2020-04-13,168,168,168,168,168,168,0,0,0,0,0
1,1960-1969,0,,2020-04-13,189,189,189,189,189,189,0,0,0,0,0
1,1990+,0,,2020-04-13,252,252,252,252,252,252,0,0,0,0,0
0,1980-1989,0,,2020-04-13,182,182,182,182,182,182,0,0,0,0,0
0,1970-1979,0,,2020-04-13,189,189,189,189,189,189,0,0,0,0,0
1,<1940,0,,2020-04-13,112,112,112,112,112,112,0,0,0,0,0
1,1980-1989,0,,2020-04-13,105,105,105,105,105,105,0,0,0,0,0
0,1990+,0,,2020-04-20,301,301,301,301,301,301,0,0,0,0,0
1,1970-1979,0,,2020-04-20,217,217,217,217,217,217,0,0,0,0,0
0,<1940,0,,2020-04-20,140,140,140,140,140,140,0,0,0,0,0
1,1940-1949,0,,2020-04-20,119,119,119,119,119,119,0,0,0,0,0
0,1940-1949,0,,2020-04-20,196,196,196,196,196,196,0,0,0,0,0
1,1950-1959,0,,2020-04-20,182,182,182,182,182,182,0,0,0,0,0
0,1960-1969,0,,2020-04-20,294,294,294,294,294,294,0,0,0,0,0
0,1950-1959,0,,2020-04-20,168,168,168,168,168,168,0,0,0,0,0
1,1960-1969,0,,2020-04-20,189,189,189,189,189,189,0,0,0,0,0
1,1990+,0,,2020-04-20,252,252,252,252,252,252,0,0,0,0,0
0,1980-1989,0,,2020-04-20,182,182,182,182,182,182,0,0,0,0,0
0,1970-1979,0,,2020-04-20,189,189,189,189,189,189,0,0,0,0,0
1,<1940,0,,2020-04-20,112,112,112,112,112,112,0,0,0,0,0
1,1980-1989,0,,2020-04-20,105,105,105,105,105,105,0,0,0,0,0
0,1990+,0,,2020-04-27,301,301,301,301,301,301,0,0,0,0,0
1,1970-1979,0,,2020-04-27,217,217,217,217,217,217,0,0,0,0,0
0,<1940,0,,2020-04-27,140,140,140,140,140,140,0,0,0,0,0
1,1940-1949,0,,2020-04-27,116,116,116,116,116,116,0,0,0,0,0
0,1940-1949,0,,2020-04-27,196,196,196,196,196,196,0,0,0,0,0
1,1950-1959,0,,2020-04-27,182,182,182,182,182,182,0,0,0,0,0
0,1960-1969,0,,2020-04-27,294,294,294,294,294,294,0,0,0,0,0
0,1950-1959,0,,2020-04-27,168,168,168,168,168,168,0,0,0,0,0
1,1960-1969,0,,2020-04-27,189,189,189,189,189,189,0,0,0,0,0
1,1990+,0,,2020-04-27,252,252,252,252,252,252,0,0,0,0,0
0,1980-1989,0,,2020-04-27,182,182,182,182,182,182,0,0,0,0,0
0,1970-1979,0,,2020-04-27,184,184,184,184,184,184,0,0,0,0,0
1,<1940,0,,2020-04-27,112,112,112,112,112,112,0,0,0,0,0
1,1980-1989,0,,2020-04-27,105,105,105,105,105,105,0,0,0,0,0
0,1990+,0,,2020-05-04,301,301,301,301,301,301,0,0,0,0,0
1,1970-1979,0,,2020-05-04,217,217,217,217,217,217,0,0,0,0,0
0,<1940,0,,2020-05-04,140,140,140,140,140,140,0,0,0,0,0
1,1940-1949,0,,2020-05-04,112,112,112,112,112,112,0,0,0,0,0
0,1940-1949,0,,2020-05-04,196,196,196,196,196,196,0,0,0,0,0
1,1950-1959,0,,2020-05-04,182,182,182,182,182,182,0,0,0,0,0
0,1960-1969,0,,2020-05-04,294,294,294,294,294,294,0,0,0,0,0
0,1950-1959,0,,2020-05-04,168,168,168,168,168,168,0,0,0,0,0
1,1960-1969,0,,2020-05-04,189,189,189,189,189,189,0,0,0,0,0
1,1990+,0,,2020-05-04,252,252,252,252,252,252,0,0,0,0,0
0,1980-1989,0,,2020-05-04,182,182,182,182,182,182,0,0,0,0,0
0,1970-1979,0,,2020-05-04,182,182,182,182,182,182,0,0,0,0,0
1,<1940,0,,2020-05-04,112,112,112,112,112,112,0,0,0,0,0
1,1980-1989,0,,2020-05-04,105,105,105,105,105,105,0,0,0,0,0
0,1990+,0,,2020-05-11,301,301,301,301,301,301,0,0,0,0,0
1,1970-1979,0,,2020-05-11,211,211,211,211,211,211,0,0,0,0,0
0,<1940,0,,2020-05-11,140,140,140,140,140,140,0,0,0,0,0
1,1940-1949,0,,2020-05-11,112,112,112,112,112,112,0,0,0,0,0
0,1940-1949,0,,2020-05-11,196,196,196,196,196,196,0,0,0,0,0
1,1950-1959,0,,2020-05-11,182,182,182,182,182,182,0,0,0,0,0
0,1960-1969,0,,2020-05-11,294,294,294,294,294,294,0,0,0,0,0
0,1950-1959,0,,2020-05-11,168,168,168,168,168,168,0,0,0,0,0
1,1960-1969,0,,2020-05-11,189,189,189,189,189,189,0,0,0,0,0
1,1990+,0,,2020-05-11,252,252,252,252,252,252,0,0,0,0,0
0,1980-1989,0,,2020-05-11,182,182,182,182,182,182,0,0,0,0,0
0,1970-1979,0,,2020-05-11,182,182,182,182,182,182,0,0,0,0,0
1,<1940,0,,2020-05-11,112,112,112,112,112,112,0,0,0,0,0
1,1980-1989,0,,2020-05-11,105,105,105,105,105,105,0,0,0,0,0
0,1990+,0,,2020-05-18,301,301,301,301,301,301,0,0,0,0,0
1,1970-1979,0,,2020-05-18,210,210,210,210,210,210,0,0,0,0,0
0,<1940,0,,2020-05-18,140,140,140,140,140,140,0,0,0,0,0
1,1940-1949,0,,2020-05-18,112,112,112,112,112,112,0,0,0,0,0
0,1940-1949,0,,2020-05-18,196,196,196,196,196,196,0,0,0,0,0
1,1950-1959,0,,2020-05-18,182,182,182,182,182,182,0,0,0,0,0
0,1960-1969,0,,2020-05-18,294,294,294,294,294,294,0,0,0,0,0
0,1950-1959,0,,2020-05-18,168,168,168,168,168,168,0,0,0,0,0
1,1960-1969,0,,2020-05-18,189,189,189,189,189,189,0,0,0,0,0
1,1990+,0,,2020-05-18,252,252,252,252,252,252,0,0,0,0,0
0,1980-1989,0,,2020-05-18,182,182,182,182,182,182,0,0,0,0,0
0,1970-1979,0,,2020-05-18,182,182,182,182,182,182,0,0,0,0,0
1,<1940,0,,2020-05-18,112,112,112,112,112,112,0,0,0,0,0
1,1980-1989,0,,2020-05-18,105,105,105,105,105,105,0,0,0,0,0
0,1990+,0,,2020-05-25,301,301,301,301,301,301,0,0,0,0,0
1,1970-1979,0,,2020-05-25,210,210,210,210,210,210,0,0,0,0,0
0,<1940,0,,2020-05-25,140,140,140,140,140,140,0,0,0,0,0
1,1940-1949,0,,2020-05-25,112,112,112,112,112,112,0,0,0,0,0
0,1940-1949,0,,2020-05-25,196,196,196,196,196,196,0,0,0,0,0
1,1950-1959,0,,2020-05-25,182,182,182,182,182,182,0,0,0,0,0
0,1960-1969,0,,2020-05-25,294,294,294,294,294,294,0,0,0,0,0
0,1950-1959,0,,2020-05-25,168,168,168,168,168,168,0,0,0,0,0
1,1960-1969,0,,2020-05-25,189,189,189,189,189,189,0,0,0,0,0
1,1990+,0,,2020-05-25,252,252,252,252,252,252,0,0,0,0,0
0,1980-1989,0,,2020-05-25,182,182,182,182,182,182,0,0,0,0,0
0,1970-1979,0,,2020-05-25,182,182,182,182,182,182,0,0,0,0,0
1,<1940,0,,2020-05-25,112,112,112,112,112,112,0,0,0,0,0
1,1980-1989,0,,2020-05-25,105,105,105,105,105,105,0,0,0,0,0
0,1990+,0,,2020-06-01,301,301,301,301,301,301,0,0,0,0,0
1,1970-1979,0,,2020-06-01,210,210,210,210,210,210,0,0,0,0,0
0,<1940,0,,2020-06-01,140,140,140,140,140,140,0,0,0,0,0
1,1940-1949,0,,2020-06-01,112,112,112,112,112,112,0,0,0,0,0
0,1940-1949,0,,2020-06-01,196,196,196,196,196,196,0,0,0,0,0
1,1950-1959,0,,2020-06-01,182,182,182,182,182,182,0,0,0,0,0
0,1960-1969,0,,2020-06-01,294,294,294,294,294,294,0,0,0,0,0
0,1950-1959,0,,2020-06-01,168,168,168,168,168,168,0,0,0,0,0
1,1960-1969,0,,2020-06-01,189,189,189,189,189,189,0,0,0,0,0
1,1990+,0,,2020-06-01,252,252,252,252,252,252,0,0,0,0,0
0,1980-1989,0,,2020-06-01,182,182,182,182,182,182,0,0,0,0,0
0,1970-1979,0,,2020-06-01,182,182,182,182,182,182,0,0,0,0,0
1,<1940,0,,2020-06-01,112,112,112,112,112,112,0,0,0,0,0
1,1980-1989,0,,2020-06-01,105,105,105,105,105,105,0,0,0,0,0
0,1990+,0,,2020-06-08,301,301,301,301,301,301,0,0,0,0,0
1,1970-1979,0,,2020-06-08,210,210,210,210,210,210,0,0,0,0,0
0,<1940,0,,2020-06-08,140,140,140,140,140,140,0,0,0,0,0
1,1940-1949,0,,2020-06-08,112,112,112,112,112,112,0,0,0,0,0
0,1940-1949,0,,2020-06-08,196,196,196,196,196,196,0,0,0,0,0
1,1950-1959,0,,2020-06-08,182,182,182,182,182,182,0,0,0,0,0
0,1960-1969,0,,2020-06-08,294,294,294,294,294,294,0,0,0,0,0
0,1950-1959,0,,2020-06-08,168,168,168,168,168,168,0,0,0,0,0
1,1960-1969,0,,2020-06-08,189,189,189,189,189,189,0,0,0,0,0
1,1990+,0,,2020-06-08,252,252,252,252,252,252,0,0,0,0,0
0,1980-1989,0,,2020-06-08,182,182,182,182,182,182,0,0,0,0,0
0,1970-1979,0,,2020-06-08,182,182,182,182,182,182,0,0,0,0,0
1,<1940,0,,2020-06-08,112,112,112,112,112,112,0,0,0,0,0
1,1980-1989,0,,2020-06-08,105,105,105,105,105,105,0,0,0,0,0
0,1990+,0,,2020-06-15,295,295,295,295,295,295,0,0,0,0,0
1,1970-1979,0,,2020-06-15,210,210,210,210,210,210,0,0,0,0,0
0,<1940,0,,2020-06-15,140,140,140,140,140,140,0,0,0,0,0
1,1940-1949,0,,2020-06-15,112,112,112,112,112,112,0,0,0,0,0
0,1940-1949,0,,2020-06-15,190,190,190,190,190,190,0,0,0,0,0
1,1950-1959,0,,2020-06-15,182,182,182,182,182,182,0,0,0,0,0
0,1960-1969,0,,2020-06-15,294,288,288,288,288,288,1,1,1,1,1
0,1950-1959,0,,2020-06-15,168,168,168,168,168,168,0,0,0,0,0
1,1960-1969,0,,2020-06-15,189,189,189,189,189,189,0,0,0,0,0
1,1990+,0,,2020-06-15,252,252,252,252,252,252,0,0,0,0,0
0,1980-1989,0,,2020-06-15,182,182,182,182,182,182,0,0,0,0,0
0,1970-1979,0,,2020-06-15,182,182,182,182,182,182,0,0,0,0,0
1,<1940,0,,2020-06-15,112,112,112,112,112,112,0,0,0,0,0
1,1980-1989,0,,2020-06-15,105,105,105,105,105,105,0,0,0,0,0
0,1990+,0,,2020-06-22,294,294,294,294,294,294,0,0,0,0,0
1,1970-1979,0,,2020-06-22,210,210,210,210,210,210,0,0,0,0,0
0,<1940,0,,2020-06-22,140,140,140,140,140,140,0,0,0,0,0
1,1940-1949,0,,2020-06-22,112,112,112,112,112,112,0,0,0,0,0
0,1940-1949,0,,2020-06-22,189,189,189,189,189,189,0,0,0,0,0
1,1950-1959,0,,2020-06-22,182,182,182,182,182,182,0,0,0,0,0
0,1960-1969,0,,2020-06-22,291,284,284,284,284,284,0,0,0,0,0
0,1950-1959,0,,2020-06-22,168,168,168,168,168,168,0,0,0,0,0
1,1960-1969,0,,2020-06-22,189,189,189,189,189,189,0,0,0,0,0
1,1990+,0,,2020-06-22,252,252,252,252,252,252,0,0,0,0,0
0,1980-1989,0,,2020-06-22,182,182,182,182,182,182,0,0,0,0,0
0,1970-1979,0,,2020-06-22,182,182,182,182,182,182,0,0,0,0,0
1,<1940,0,,2020-06-22,112,112,112,112,112,112,0,0,0,0,0
1,1980-1989,0,,2020-06-22,105,105,105,105,105,105,0,0,0,0,0
0,1990+,0,,2020-06-29,294,294,294,294,294,294,0,0,0,0,0
1,1970-1979,0,,2020-06-29,210,210,210,210,210,210,0,0,0,0,0
0,<1940,0,,2020-06-29,140,140,140,140,140,140,0,0,0,0,0
1,1940-1949,0,,2020-06-29,112,112,112,112,112,112,0,0,0,0,0
0,1940-1949,0,,2020-06-29,189,189,189,189,189,189,0,0,0,0,0
1,1950-1959,0,,2020-06-29,182,182,182,182,182,182,0,0,0,0,0
0,1960-1969,0,,2020-06-29,287,280,280,280,280,280,0,0,0,0,0
0,1950-1959,0,,2020-06-29,168,168,168,168,168,168,0,0,0,0,0
1,1960-1969,0,,2020-06-29,189,189,189,189,189,189,0,0,0,0,0
1,1990+,0,,2020-06-29,252,252,252,252,252,252,0,0,0,0,0
0,1980-1989,0,,2020-06-29,182,182,182,182,182,182,0,0,0,0,0
0,1970-1979,0,,2020-06-29,182,182,182,182,182,182,0,0,0,0,0
1,<1940,0,,2020-06-29,112,112,112,112,112,112,0,0,0,0,0
1,1980-1989,0,,2020-06-29,105,105,105,105,105,105,0,0,0,0,0
0,1990+,0,,2020-07-06,294,294,294,294,294,294,0,0,0,0,0
1,1970-1979,0,,2020-07-06,210,210,210,210,210,210,0,0,0,0,0
0,<1940,0,,2020-07-06,140,140,140,140,140,140,0,0,0,0,0
1,1940-1949,0,,2020-07-06,112,112,112,112,112,112,0,0,0,0,0
0,1940-1949,0,,2020-07-06,189,189,189,189,189,189,0,0,0,0,0
1,1950-1959,0,,2020-07-06,182,182,182,182,182,182,0,0,0,0,0
0,1960-1969,0,,2020-07-06,287,280,280,280,280,280,0,0,0,0,0
0,1950-1959,0,,2020-07-06,168,168,168,168,168,168,0,0,0,0,0
1,1960-1969,0,,2020-07-06,189,189,189,189,189,189,0,0,0,0,0
1,1990+,0,,2020-07-06,252,252,252,252,252,252,0,0,0,0,0
0,1980-1989,0,,2020-07-06,182,182,182,182,182,182,0,0,0,0,0
0,1970-1979,0,,2020-07-06,182,182,182,182,182,182,0,0,0,0,0
1,<1940,0,,2020-07-06,109,109,109,109,109,109,0,0,0,0,0
1,1980-1989,0,,2020-07-06,105,105,105,105,105,105,0,0,0,0,0
0,1990+,0,,2020-07-13,294,294,294,294,294,294,0,0,0,0,0
1,1970-1979,0,,2020-07-13,210,210,210,210,210,210,0,0,0,0,0
0,<1940,0,,2020-07-13,140,140,140,140,140,140,0,0,0,0,0
1,1940-1949,0,,2020-07-13,110,110,110,110,110,110,0,0,0,0,0
0,1940-1949,0,,2020-07-13,189,189,189,189,189,189,0,0,0,0,0
1,1950-1959,0,,2020-07-13,182,182,182,182,182,182,0,0,0,0,0
0,1960-1969,0,,2020-07-13,287,280,280,280,280,280,0,0,0,0,0
0,1950-1959,0,,2020-07-13,168,168,168,168,168,168,0,0,0,0,0
1,1960-1969,0,,2020-07-13,189,189,189,189,189,189,0,0,0,0,0
1,1990+,0,,2020-07-13,252,252,252,252,252,252,0,0,0,0,0
0,1980-1989,0,,2020-07-13,182,182,182,182,182,182,0,0,0,0,0
0,1970-1979,0,,2020-07-13,182,182,182,182,182,182,0,0,0,0,0
1,<1940,0,,2020-07-13,105,105,105,105,105,105,0,0,0,0,0
1,1980-1989,0,,2020-07-13,105,105,105,105,105,105,0,0,0,0,0
0,1990+,0,,2020-07-20,294,294,294,294,294,294,0,0,0,0,0
1,1970-1979,0,,2020-07-20,210,210,210,210,210,210,0,0,0,0,0
0,<1940,0,,2020-07-20,140,140,140,140,140,140,0,0,0,0,0
1,1940-1949,0,,2020-07-20,105,105,105,105,105,105,0,0,0,0,0
0,1940-1949,0,,2020-07-20,189,189,189,189,189,189,0,0,0,0,0
1,1950-1959,0,,2020-07-20,182,182,182,182,182,182,0,0,0,0,0
0,1960-1969,0,,2020-07-20,287,280,280,280,280,280,0,0,0,0,0
0,1950-1959,0,,2020-07-20,168,168,168,168,168,168,0,0,0,0,0
1,1960-1969,0,,2020-07-20,189,189,189,189,189,189,0,0,0,0,0
1,1990+,0,,2020-07-20,252,252,252,252,252,252,0,0,0,0,0
0,1980-1989,0,,2020-07-20,182,182,182,182,182,182,0,0,0,0,0
0,1970-1979,0,,2020-07-20,182,182,182,182,182,182,0,0,0,0,0
1,<1940,0,,2020-07-20,105,105,105,105,105,105,0,0,0,0,0
1,1980-1989,0,,2020-07-20,105,105,105,105,105,105,0,0,0,0,0
0,1990+,0,,2020-07-27,294,294,294,294,294,294,0,0,0,0,0
1,1970-1979,0,,2020-07-27,210,210,210,210,210,210,0,0,0,0,0
0,<1940,0,,2020-07-27,140,140,140,140,140,140,0,0,0,0,0
1,1940-1949,0,,2020-07-27,105,105,105,105,105,105,0,0,0,0,0
0,1940-1949,0,,2020-07-27,189,189,189,189,189,189,0,0,0,0,0
1,1950-1959,0,,2020-07-27,182,182,182,182,182,182,0,0,0,0,0
0,1960-1969,0,,2020-07-27,287,280,280,280,280,280,0,0,0,0,0
0,1950-1959,0,,2020-07-27,168,168,168,168,168,168,0,0,0,0,0
1,1960-1969,0,,2020-07-27,189,189,189,189,189,189,0,0,0,0,0
1,1990+,0,,2020-07-27,252,252,252,252,252,252,0,0,0,0,0
0,1980-1989,0,,2020-07-27,182,182,182,182,182,182,0,0,0,0,0
0,1970-1979,0,,2020-07-27,182,182,182,182,182,182,0,0,0,0,0
1,<1940,0,,2020-07-27,105,105,105,105,105,105,0,0,0,0,0
1,1980-1989,0,,2020-07-27,105,105,105,105,105,105,0,0,0,0,0
0,1990+,0,,2020-08-03,294,294,294,294,294,294,0,0,0,0,0
1,1970-1979,0,,2020-08-03,210,210,210,210,210,210,0,0,0,0,0
0,<1940,0,,2020-08-03,140,140,140,140,140,140,0,0,0,0,0
1,1940-1949,0,,2020-08-03,105,105,105,105,105,105,0,0,0,0,0
0,1940-1949,0,,2020-08-03,189,189,189,189,189,189,0,0,0,0,0
1,1950-1959,0,,2020-08-03,182,182,182,182,182,182,0,0,0,0,0
0,1960-1969,0,,2020-08-03,287,280,280,280,280,280,0,0,0,0,0
0,1950-1959,0,,2020-08-03,168,168,168,168,168,168,0,0,0,0,0
1,1960-1969,0,,2020-08-03,189,189,189,189,189,189,0,0,0,0,0
1,1990+,0,,2020-08-03,252,252,252,252,252,252,0,0,0,0,0
0,1980-1989,0,,2020-08-03,182,182,182,182,182,182,0,0,0,0,0
0,1970-1979,0,,2020-08-03,182,182,182,182,182,182,0,0,0,0,0
1,<1940,0,,2020-08-03,105,105,105,105,105,105,0,0,0,0,0
1,1980-1989,0,,2020-08-03,105,105,105,105,105,105,0,0,0,0,0
0,1990+,0,,2020-08-10,294,294,294,294,294,294,0,0,0,0,0
1,1970-1979,0,,2020-08-10,210,210,210,210,210,210,0,0,0,0,0
0,<1940,0,,2020-08-10,140,140,140,140,140,140,0,0,0,0,0
1,1940-1949,0,,2020-08-10,105,105,105,105,105,105,0,0,0,0,0
0,1940-1949,0,,2020-08-10,189,189,189,189,189,189,0,0,0,0,0
1,1950-1959,0,,2020-08-10,182,182,182,182,182,182,0,0,0,0,0
0,1960-1969,0,,2020-08-10,287,280,280,280,280,280,0,0,0,0,0
0,1950-1959,0,,2020-08-10,168,168,168,168,168,168,0,0,0,0,0
1,1960-1969,0,,2020-08-10,189,189,189,189,189,189,0,0,0,0,0
1,1990+,0,,2020-08-10,252,252,252,252,252,252,0,0,0,0,0
0,1980-1989,0,,2020-08-10,182,182,182,182,182,182,0,0,0,0,0
0,1970-1979,0,,2020-08-10,182,182,182,182,182,182,0,0,0,0,0
1,<1940,0,,2020-08-10,103,103,103,103,103,103,0,0,0,0,0
1,1980-1989,0,,2020-08-10,105,105,105,105,105,105,0,0,0,0,0
0,1990+,0,,2020-08-17,294,294,294,294,294,294,0,0,0,0,0
1,1970-1979,0,,2020-08-17,210,210,210,210,210,210,0,0,0,0,0
0,<1940,0,,2020-08-17,140,140,140,140,140,140,0,0,0,0,0
1,1940-1949,0,,2020-08-17,105,105,105,105,105,105,0,0,0,0,0
0,1940-1949,0,,2020-08-17,189,189,189,189,189,189,0,0,0,0,0
1,1950-1959,0,,2020-08-17,182,182,182,182,182,182,0,0,0,0,0
0,1960-1969,0,,2020-08-17,287,280,280,280,280,280,0,0,0,0,0
0,1950-1959,0,,2020-08-17,168,168,168,168,168,168,0,0,0,0,0
1,1960-1969,0,,2020-08-17,189,189,189,189,189,189,0,0,0,0,0
1,1990+,0,,2020-08-17,252,252,252,252,252,252,0,0,0,0,0
0,1980-1989,0,,2020-08-17,182,182,182,182,182,182,0,0,0,0,0
0,1970-1979,0,,2020-08-17,182,182,182,182,182,182,0,0,0,0,0
1,<1940,0,,2020-08-17,98,98,98,98,98,98,0,0,0,0,0
1,1980-1989,0,,2020-08-17,105,105,105,105,105,105,0,0,0,0,0
0,1990+,0,,2020-08-24,294,294,294,294,294,294,0,0,0,0,0
1,1970-1979,0,,2020-08-24,210,210,210,210,210,210,0,0,0,0,0
0,<1940,0,,2020-08-24,140,140,140,140,140,140,0,0,0,0,0
1,1940-1949,0,,2020-08-24,105,105,105,105,105,105,0,0,0,0,0
0,1940-1949,0,,2020-08-24,189,189,189,189,189,189,0,0,0,0,0
1,1950-1959,0,,2020-08-24,182,182,182,182,182,182,0,0,0,0,0
0,1960-1969,0,,2020-08-24,287,280,280,280,280,280,0,0,0,0,0
0,1950-1959,0,,2020-08-24,168,168,168,168,168,168,0,0,0,0,0
1,1960-1969,0,,2020-08-24,189,189,189,189,189,189,0,0,0,0,0
1,1990+,0,,2020-08-24,252,252,252,252,252,252,0,0,0,0,0
0,1980-1989,0,,2020-08-24,182,182,182,182,182,182,0,0,0,0,0
0,1970-1979,0,,2020-08-24,182,182,182,182,182,182,0,0,0,0,0
1,<1940,0,,2020-08-24,98,98,98,98,98,98,0,0,0,0,0
1,1980-1989,0,,2020-08-24,105,105,105,105,105,105,0,0,0,0,0
0,1990+,0,,2020-08-31,294,294,294,294,294,294,0,0,0,0,0
1,1970-1979,0,,2020-08-31,210,210,210,210,210,210,0,0,0,0,0
0,<1940,0,,2020-08-31,140,140,140,140,140,140,0,0,0,0,0
1,1940-1949,0,,2020-08-31,105,105,105,105,105,105,0,0,0,0,0
0,1940-1949,0,,2020-08-31,189,189,189,189,189,189,0,0,0,0,0
1,1950-1959,0,,2020-08-31,182,182,182,182,182,182,0,0,0,0,0
0,1960-1969,0,,2020-08-31,287,280,280,280,280,280,0,0,0,0,0
0,1950-1959,0,,2020-08-31,168,168,168,168,168,168,0,0,0,0,0
1,1960-1969,0,,2020-08-31,189,189,189,189,189,189,0,0,0,0,0
1,1990+,0,,2020-08-31,252,252,252,252,252,252,0,0,0,0,0
0,1980-1989,0,,2020-08-31,182,182,182,182,182,182,0,0,0,0,0
0,1970-1979,0,,2020-08-31,179,179,179,179,179,179,0,0,0,0,0
1,<1940,0,,2020-08-31,98,98,98,98,98,98,0,0,0,0,0
1,1980-1989,0,,2020-08-31,105,105,105,105,105,105,0,0,0,0,0
0,1990+,0,,2020-09-07,287,287,287,287,287,287,0,0,0,0,0
1,1970-1979,0,,2020-09-07,210,210,210,210,210,210,0,0,0,0,0
0,<1940,0,,2020-09-07,140,140,140,140,140,140,0,0,0,0,0
1,1940-1949,0,,2020-09-07,105,105,105,105,105,105,0,0,0,0,0
0,1940-1949,0,,2020-09-07,189,189,189,189,189,189,0,0,0,0,0
1,1950-1959,0,,2020-09-07,182,182,182,182,182,182,0,0,0,0,0
0,1960-1969,0,,2020-09-07,287,280,280,280,280,280,0,0,0,0,0
0,1950-1959,0,,2020-09-07,168,168,168,168,168,168,0,0,0,0,0
1,1960-1969,0,,2020-09-07,189,189,189,189,189,189,0,0,0,0,0
1,1990+,0,,2020-09-07,252,252,252,252,252,252,0,0,0,0,0
0,1980-1989,0,,2020-09-07,182,182,182,182,182,182,0,0,0,0,0
0,1970-1979,0,,2020-09-07,175,175,175,175,175,175,0,0,0,0,0
1,<1940,0,,2020-09-07,98,98,98,98,98,98,0,0,0,0,0
1,1980-1989,0,,2020-09-07,105,105,105,105,105,105,0,0,0,0,0
0,1990+,0,,2020-09-14,287,287,287,287,287,287,0,0,0,0,0
1,1970-1979,0,,2020-09-14,210,210,210,210,210,210,0,0,0,0,0
0,<1940,0,,2020-09-14,140,140,140,140,140,140,0,0,0,0,0
1,1940-1949,0,,2020-09-14,105,105,105,105,105,105,0,0,0,0,0
0,1940-1949,0,,2020-09-14,189,189,189,189,189,189,0,0,0,0,0
1,1950-1959,0,,2020-09-14,182,182,182,182,182,182,0,0,0,0,0
0,1960-1969,0,,2020-09-14,287,280,280,280,280,280,0,0,0,0,0
0,1950-1959,0,,2020-09-14,168,168,168,168,168,168,0,0,0,0,0
1,1960-1969,0,,2020-09-14,189,189,189,189,189,189,0,0,0,0,0
1,1990+,0,,2020-09-14,252,252,252,252,252,252,0,0,0,0,0
0,1980-1989,0,,2020-09-14,182,182,182,182,182,182,0,0,0,0,0
0,1970-1979,0,,2020-09-14,175,175,175,175,175,175,0,0,0,0,0
1,<1940,0,,2020-09-14,98,98,98,98,98,98,0,0,0,0,0
1,1980-1989,0,,2020-09-14,105,105,105,105,105,105,0,0,0,0,0
0,1990+,0,,2020-09-21,287,287,287,287,287,287,0,0,0,0,0
1,1970-1979,0,,2020-09-21,210,210,210,210,210,210,0,0,0,0,0
0,<1940,0,,2020-09-21,140,140,140,140,140,140,0,0,0,0,0
1,1940-1949,0,,2020-09-21,105,105,105,105,105,105,0,0,0,0,0
0,1940-1949,0,,2020-09-21,189,189,189,189,189,189,0,0,0,0,0
1,1950-1959,0,,2020-09-21,182,182,182,182,182,182,0,0,0,0,0
0,1960-1969,0,,2020-09-21,287,280,280,280,280,280,0,0,0,0,0
0,1950-1959,0,,2020-09-21,168,168,168,168,168,168,0,0,0,0,0
1,1960-1969,0,,2020-09-21,189,189,189,189,189,189,0,0,0,0,0
1,1990+,0,,2020-09-21,252,252,252,252,252,252,0,0,0,0,0
0,1980-1989,0,,2020-09-21,182,182,182,182,182,182,0,0,0,0,0
0,1970-1979,0,,2020-09-21,175,175,175,175,175,175,0,0,0,0,0
1,<1940,0,,2020-09-21,98,98,98,98,98,98,0,0,0,0,0
1,1980-1989,0,,2020-09-21,105,105,105,105,105,105,0,0,0,0,0
0,1990+,0,,2020-09-28,287,287,287,287,287,287,0,0,0,0,0
1,1970-1979,0,,2020-09-28,210,210,210,210,210,210,0,0,0,0,0
0,<1940,0,,2020-09-28,140,140,140,140,140,140,0,0,0,0,0
1,1940-1949,0,,2020-09-28,105,105,105,105,105,105,0,0,0,0,0
0,1940-1949,0,,2020-09-28,189,189,189,189,189,189,0,0,0,0,0
1,1950-1959,0,,2020-09-28,182,182,182,182,182,182,0,0,0,0,0
0,1960-1969,0,,2020-09-28,287,280,280,280,280,280,0,0,0,0,0
0,1950-1959,0,,2020-09-28,168,168,168,168,168,168,0,0,0,0,0
1,1960-1969,0,,2020-09-28,189,189,189,189,189,189,0,0,0,0,0
1,1990+,0,,2020-09-28,252,252,252,252,252,252,0,0,0,0,0
0,1980-1989,0,,2020-09-28,182,182,182,182,182,182,0,0,0,0,0
0,1970-1979,0,,2020-09-28,175,175,175,175,175,175,0,0,0,0,0
1,<1940,0,,2020-09-28,98,98,98,98,98,98,0,0,0,0,0
1,1980-1989,0,,2020-09-28,105,105,105,105,105,105,0,0,0,0,0
0,1990+,0,,2020-10-05,287,287,287,287,287,287,0,0,0,0,0
1,1970-1979,0,,2020-10-05,210,210,210,210,210,210,0,0,0,0,0
0,<1940,0,,2020-10-05,140,140,140,140,140,140,0,0,0,0,0
1,1940-1949,0,,2020-10-05,105,105,105,105,105,105,0,0,0,0,0
0,1940-1949,0,,2020-10-05,189,189,189,189,189,189,0,0,0,0,0
1,1950-1959,0,,2020-10-05,175,175,175,175,175,175,0,0,0,0,0
0,1960-1969,0,,2020-10-05,287,280,280,280,280,280,0,0,0,0,0
0,1950-1959,0,,2020-10-05,168,168,168,168,168,168,0,0,0,0,0
1,1960-1969,0,,2020-10-05,189,189,189,189,189,189,0,0,0,0,0
1,1990+,0,,2020-10-05,252,252,252,252,252,252,0,0,0,0,0
0,1980-1989,0,,2020-10-05,182,182,182,182,182,182,0,0,0,0,0
0,1970-1979,0,,2020-10-05,175,175,175,175,175,175,0,0,0,0,0
1,<1940,0,,2020-10-05,98,98,98,98,98,98,0,0,0,0,0
1,1980-1989,0,,2020-10-05,105,105,105,105,105,105,0,0,0,0,0
0,1990+,0,,2020-10-12,287,287,287,287,287,287,0,0,0,0,0
1,1970-1979,0,,2020-10-12,210,210,210,210,210,210,0,0,0,0,0
0,<1940,0,,2020-10-12,137,137,137,137,137,137,0,0,0,0,0
1,1940-1949,0,,2020-10-12,105,105,105,105,105,105,0,0,0,0,0
0,1940-1949,0,,2020-10-12,189,189,189,189,189,189,0,0,0,0,0
1,1950-1959,0,,2020-10-12,175,175,175,175,175,175,0,0,0,0,0
0,1960-1969,0,,2020-10-12,287,280,280,280,280,280,0,0,0,0,0
0,1950-1959,0,,2020-10-12,168,168,168,168,168,168,0,0,0,0,0
1,1960-1969,0,,2020-10-12,189,189,189,189,189,189,0,0,0,0,0
1,1990+,0,,2020-10-12,252,252,252,252,252,252,0,0,0,0,0
0,1980-1989,0,,2020-10-12,182,182,182,182,182,182,0,0,0,0,0
0,1970-1979,0,,2020-10-12,175,175,175,175,175,175,0,0,0,0,0
1,<1940,0,,2020-10-12,98,98,98,98,98,98,0,0,0,0,0
1,1980-1989,0,,2020-10-12,105,105,105,105,105,105,0,0,0,0,0
0,1990+,0,,2020-10-19,287,287,287,287,287,287,0,0,0,0,0
1,1970-1979,0,,2020-10-19,210,210,210,210,210,210,0,0,0,0,0
1,1940-1949,0,,2020-10-19,105,105,105,105,105,105,0,0,0,0,0
0,<1940,0,,2020-10-19,126,126,126,126,126,126,0,0,0,0,0
0,1940-1949,0,,2020-10-19,183,183,183,183,183,183,0,0,0,0,0
1,1950-1959,0,,2020-10-19,175,175,175,175,175,175,0,0,0,0,0
0,1960-1969,0,,2020-10-19,287,280,280,280,280,280,0,0,0,0,0
0,1950-1959,0,,2020-10-19,168,168,168,168,168,168,0,0,0,0,0
1,1960-1969,0,,2020-10-19,189,189,189,189,189,189,0,0,0,0,0
1,1990+,0,,2020-10-19,250,250,250,250,250,250,0,0,0,0,0
0,1980-1989,0,,2020-10-19,182,182,182,182,182,182,0,0,0,0,0
0,1970-1979,0,,2020-10-19,175,175,175,175,175,175,0,0,0,0,0
1,<1940,0,,2020-10-19,98,98,98,98,98,98,0,0,0,0,0
1,1980-1989,0,,2020-10-19,105,105,105,105,105,105,0,0,0,0,0
0,1990+,0,,2020-10-26,287,287,287,287,287,287,0,0,0,0,0
1,1970-1979,0,,2020-10-26,210,210,210,210,210,210,0,0,0,0,0
1,1940-1949,0,,2020-10-26,105,105,105,105,105,105,0,0,0,0,0
0,<1940,0,,2020-10-26,122,122,122,122,122,122,0,0,0,0,0
0,1940-1949,0,,2020-10-26,182,182,182,182,182,182,0,0,0,0,0
1,1950-1959,0,,2020-10-26,175,175,175,175,175,175,0,0,0,0,0
0,1960-1969,0,,2020-10-26,287,280,280,280,280,280,0,0,0,0,0
0,1950-1959,0,,2020-10-26,168,168,168,168,168,168,0,0,0,0,0
1,1960-1969,0,,2020-10-26,189,189,189,189,189,189,0,0,0,0,0
1,1990+,0,,2020-10-26,242,242,242,242,242,242,0,0,0,0,0
0,1980-1989,0,,2020-10-26,182,182,182,182,182,182,0,0,0,0,0
0,1970-1979,0,,2020-10-26,175,173,175,175,175,175,1,0,0,0,0
1,<1940,0,,2020-10-26,98,98,98,98,98,98,0,0,0,0,0
1,1980-1989,0,,2020-10-26,105,105,105,105,105,105,0,0,0,0,0
0,1990+,0,,2020-11-02,287,287,287,287,287,287,0,0,0,0,0
1,1970-1979,0,,2020-11-02,210,210,210,210,210,210,0,0,0,0,0
1,1940-1949,0,,2020-11-02,105,105,105,105,105,105,0,0,0,0,0
0,<1940,0,,2020-11-02,119,119,119,119,119,119,0,0,0,0,0
0,1940-1949,0,,2020-11-02,182,182,182,182,182,182,0,0,0,0,0
1,1950-1959,0,,2020-11-02,175,175,175,175,175,175,0,0,0,0,0
0,1960-1969,0,,2020-11-02,287,280,280,280,280,280,0,0,0,0,0
0,1950-1959,0,,2020-11-02,168,168,168,168,168,168,0,0,0,0,0
1,1960-1969,0,,2020-11-02,189,189,189,189,189,189,0,0,0,0,0
1,1990+,0,,2020-11-02,238,238,238,238,238,238,0,0,0,0,0
0,1980-1989,0,,2020-11-02,182,182,182,182,182,182,0,0,0,0,0
0,1970-1979,0,,2020-11-02,175,168,175,175,175,175,0,0,0,0,0
1,<1940,0,,2020-11-02,98,98,98,98,98,98,0,0,0,0,0
1,1980-1989,0,,2020-11-02,105,105,105,105,105,105,0,0,0,0,0
0,1990+,0,,2020-11-09,287,287,287,287,287,287,0,0,0,0,0
1,1970-1979,0,,2020-11-09,210,210,210,210,210,210,0,0,0,0,0
1,1940-1949,0,,2020-11-09,105,105,105,105,105,105,0,0,0,0,0
0,<1940,0,,2020-11-09,119,119,119,119,119,119,0,0,0,0,0
0,1940-1949,0,,2020-11-09,177,172,177,177,177,177,1,0,0,0,0
1,1950-1959,0,,2020-11-09,175,175,175,175,175,175,0,0,0,0,0
0,1960-1969,0,,2020-11-09,287,280,280,280,280,280,0,0,0,0,0
0,1950-1959,0,,2020-11-09,168,168,168,168,168,168,0,0,0,0,0
1,1960-1969,0,,2020-11-09,189,189,189,189,189,189,0,0,0,0,0
1,1990+,0,,2020-11-09,238,238,238,238,238,238,0,0,0,0,0
0,1980-1989,0,,2020-11-09,182,182,182,182,182,182,0,0,0,0,0
0,1970-1979,0,,2020-11-09,175,168,175,175,175,175,0,0,0,0,0
1,<1940,0,,2020-11-09,98,98,98,98,98,98,0,0,0,0,0
1,1980-1989,0,,2020-11-09,105,105,105,105,105,105,0,0,0,0,0
0,1990+,0,,2020-11-16,287,287,287,287,287,287,0,0,0,0,0
1,1970-1979,0,,2020-11-16,210,210,210,210,210,210,0,0,0,0,0
1,1940-1949,0,,2020-11-16,105,105,105,105,105,105,0,0,0,0,0
0,<1940,0,,2020-11-16,119,119,119,119,119,119,0,0,0,0,0
0,1940-1949,0,,2020-11-16,175,168,175,175,175,175,0,0,0,0,0
1,1950-1959,0,,2020-11-16,175,175,175,175,175,175,0,0,0,0,0
0,1960-1969,0,,2020-11-16,287,280,280,280,280,280,0,0,0,0,0
0,1950-1959,0,,2020-11-16,168,168,168,168,168,168,0,0,0,0,0
1,1960-1969,0,,2020-11-16,189,189,189,189,189,189,0,0,0,0,0
1,1990+,0,,2020-11-16,238,238,238,238,238,238,0,0,0,0,0
0,1980-1989,0,,2020-11-16,182,182,182,182,182,182,0,0,0,0,0
0,1970-1979,0,,2020-11-16,175,168,175,175,175,175,0,0,0,0,0
1,<1940,0,,2020-11-16,98,98,98,98,98,98,0,0,0,0,0
1,1980-1989,0,,2020-11-16,105,105,105,105,105,105,0,0,0,0,0
0,1990+,0,,2020-11-23,287,287,287,287,287,287,0,0,0,0,0
1,1970-1979,0,,2020-11-23,210,210,210,210,210,210,0,0,0,0,0
1,1940-1949,0,,2020-11-23,105,105,105,105,105,105,0,0,0,0,0
0,<1940,0,,2020-11-23,119,119,119,119,119,119,0,0,0,0,0
0,1940-1949,0,,2020-11-23,175,168,175,175,175,175,0,0,0,0,0
1,1950-1959,0,,2020-11-23,175,175,175,175,175,175,0,0,0,0,0
0,1960-1969,0,,2020-11-23,287,274,280,280,280,280,1,0,0,0,0
0,1950-1959,0,,2020-11-23,168,168,168,168,168,168,0,0,0,0,0
1,1960-1969,0,,2020-11-23,189,189,189,189,189,189,0,0,0,0,0
1,1990+,0,,2020-11-23,238,238,238,238,238,238,0,0,0,0,0
0,1980-1989,0,,2020-11-23,182,182,182,182,182,182,0,0,0,0,0
0,1970-1979,0,,2020-11-23,175,168,175,175,175,175,0,0,0,0,0
1,<1940,0,,2020-11-23,97,95,97,97,97,97,1,0,0,0,0
1,1980-1989,0,,2020-11-23,105,105,105,105,105,105,0,0,0,0,0
0,1990+,0,,2020-11-30,287,287,287,287,287,287,0,0,0,0,0
1,1970-1979,0,,2020-11-30,208,208,208,208,208,208,0,0,0,0,0
1,1940-1949,0,,2020-11-30,105,105,105,105,105,105,0,0,0,0,0
0,<1940,0,,2020-11-30,119,119,119,119,119,119,0,0,0,0,0
0,1940-1949,0,,2020-11-30,175,168,175,175,175,175,0,0,0,0,0
1,1950-1959,0,,2020-11-30,175,175,175,175,175,175,0,0,0,0,0
0,1960-1969,0,,2020-11-30,287,273,280,280,280,280,0,0,0,0,0
0,1950-1959,0,,2020-11-30,168,168,168,168,168,168,0,0,0,0,0
1,1960-1969,0,,2020-11-30,189,189,189,189,189,189,0,0,0,0,0
1,1990+,0,,2020-11-30,238,236,238,238,238,238,1,0,0,0,0
0,1980-1989,0,,2020-11-30,182,182,182,182,182,182,0,0,0,0,0
0,1970-1979,0,,2020-11-30,175,168,175,175,175,175,0,0,0,0,0
1,<1940,0,,2020-11-30,91,84,91,91,91,91,0,0,0,0,0
1,1980-1989,0,,2020-11-30,102,102,102,102,102,102,0,0,0,0,0
0,1990+,0,,2020-12-07,283,283,283,283,283,283,0,0,0,0,0
1,1970-1979,0,,2020-12-07,202,202,202,202,202,202,0,0,0,0,0
1,1940-1949,0,,2020-12-07,105,105,105,105,105,105,0,0,0,0,0
0,<1940,0,,2020-12-07,119,119,119,119,119,119,0,0,0,0,0
0,1940-1949,0,,2020-12-07,175,168,175,175,175,175,0,0,0,0,0
1,1950-1959,0,,2020-12-07,175,175,175,175,175,175,0,0,0,0,0
0,1960-1969,0,,2020-12-07,287,273,280,280,280,280,0,0,0,0,0
0,1950-1959,0,,2020-12-07,168,168,168,168,168,168,0,0,0,0,0
1,1960-1969,0,,2020-12-07,189,189,189,189,189,189,0,0,0,0,0
1,1990+,0,,2020-12-07,238,231,238,238,238,238,0,0,0,0,0
0,1980-1989,0,,2020-12-07,182,182,182,182,182,182,0,0,0,0,0
0,1970-1979,0,,2020-12-07,175,168,175,175,175,175,0,0,0,0,0
1,<1940,0,,2020-12-07,91,84,91,91,91,91,0,0,0,0,0
1,1980-1989,0,,2020-12-07,98,98,98,98,98,98,0,0,0,0,0
0,1990+,0,,2020-12-14,280,280,280,280,280,280,0,0,0,0,0
1,1940-1949,0,,2020-12-14,105,105,105,105,105,105,0,0,0,0,0
0,<1940,0,,2020-12-14,119,119,119,119,119,119,0,0,0,0,0
1,1970-1979,0,,2020-12-14,196,196,196,196,196,196,0,0,0,0,0
0,1940-1949,0,,2020-12-14,175,168,175,175,175,175,0,0,0,0,0
1,1950-1959,0,,2020-12-14,175,170,175,175,175,175,1,0,0,0,0
0,1960-1969,0,,2020-12-14,287,273,280,280,280,280,0,0,0,0,0
0,1950-1959,0,,2020-12-14,168,168,168,168,168,168,0,0,0,0,0
1,1960-1969,0,,2020-12-14,189,189,189,189,189,189,0,0,0,0,0
1,1990+,0,,2020-12-14,238,231,238,238,238,238,0,0,0,0,0
0,1980-1989,0,,2020-12-14,182,182,182,182,182,182,0,0,0,0,0
0,1970-1979,0,,2020-12-14,175,168,175,175,175,175,0,0,0,0,0
1,<1940,0,,2020-12-14,91,84,91,91,91,91,0,0,0,0,0
1,1980-1989,0,,2020-12-14,98,95,98,98,98,98,1,0,0,0,0
0,1990+,0,,2020-12-21,275,275,275,275,275,275,0,0,0,0,0
1,1940-1949,0,,2020-12-21,105,105,105,105,105,105,0,0,0,0,0
0,<1940,0,,2020-12-21,119,119,119,119,119,119,0,0,0,0,0
1,1970-1979,0,,2020-12-21,196,196,196,196,196,196,0,0,0,0,0
0,1940-1949,0,,2020-12-21,175,168,175,175,175,175,0,0,0,0,0
1,1950-1959,0,,2020-12-21,175,168,175,175,175,175,0,0,0,0,0
0,1960-1969,0,,2020-12-21,287,273,280,280,280,280,0,0,0,0,0
0,1950-1959,0,,2020-12-21,168,168,168,168,168,168,0,0,0,0,0
1,1960-1969,0,,2020-12-21,189,189,189,189,189,189,0,0,0,0,0
1,1990+,0,,2020-12-21,238,231,238,238,238,238,0,0,0,0,0
0,1980-1989,0,,2020-12-21,182,182,182,182,182,182,0,0,0,0,0
0,1970-1979,0,,2020-12-21,175,168,175,175,175,175,0,0,0,0,0
1,<1940,0,,2020-12-21,91,84,91,91,91,91,0,0,0,0,0
1,1980-1989,0,,2020-12-21,98,91,98,98,98,98,0,0,0,0,0
0,1990+,0,,2020-12-28,273,273,273,273,273,273,0,0,0,0,0
1,1940-1949,0,,2020-12-28,105,105,105,105,105,105,0,0,0,0,0
0,<1940,0,,2020-12-28,119,119,119,119,119,119,0,0,0,0,0
1,1970-1979,0,,2020-12-28,196,196,196,196,196,196,0,0,0,0,0
0,1940-1949,0,,2020-12-28,175,168,175,175,175,175,0,0,0,0,0
1,1950-1959,0,,2020-12-28,175,168,175,175,175,175,0,0,0,0,0
0,1960-1969,0,,2020-12-28,287,273,280,280,280,280,0,0,0,0,0
0,1950-1959,0,,2020-12-28,168,168,168,168,168,168,0,0,0,0,0
1,1960-1969,0,,2020-12-28,189,189,189,189,189,189,0,0,0,0,0
1,1990+,0,,2020-12-28,238,231,238,238,238,238,0,0,0,0,0
0,1980-1989,0,,2020-12-28,182,182,182,182,182,182,0,0,0,0,0
0,1970-1979,0,,2020-12-28,175,168,175,175,175,175,0,0,0,0,0
1,<1940,0,,2020-12-28,91,84,91,91,91,91,0,0,0,0,0
1,1980-1989,0,,2020-12-28,98,91,98,98,98,98,0,0,0,0,0
0,1990+,0,,2021-01-04,273,273,273,273,273,273,0,0,0,0,0
1,1940-1949,0,,2021-01-04,105,105,105,105,105,105,0,0,0,0,0
0,<1940,0,,2021-01-04,119,119,119,119,119,119,0,0,0,0,0
1,1970-1979,0,,2021-01-04,196,196,196,196,196,196,0,0,0,0,0
0,1940-1949,0,,2021-01-04,175,168,175,175,175,175,0,0,0,0,0
1,1950-1959,0,,2021-01-04,175,168,175,175,175,175,0,0,0,0,0
0,1960-1969,0,,2021-01-04,287,273,280,280,280,280,0,0,0,0,0
0,1950-1959,0,,2021-01-04,168,168,168,168,168,168,0,0,0,0,0
1,1960-1969,0,,2021-01-04,189,189,189,189,189,189,0,0,0,0,0
1,1990+,0,,2021-01-04,238,231,238,238,238,238,0,0,0,0,0
0,1980-1989,0,,2021-01-04,182,182,182,182,182,182,0,0,0,0,0
0,1970-1979,0,,2021-01-04,172,165,172,172,172,172,0,0,0,0,0
1,<1940,0,,2021-01-04,91,84,91,91,91,91,0,0,0,0,0
1,1980-1989,0,,2021-01-04,98,91,98,98,98,98,0,0,0,0,0
0,1970-1979,1,Pfizer,2021-01-04,3,3,3,3,3,3,0,0,0,0,0
0,1990+,0,,2021-01-11,273,273,273,273,273,273,0,0,0,0,0
1,1940-1949,0,,2021-01-11,105,105,105,105,105,105,0,0,0,0,0
0,<1940,0,,2021-01-11,119,119,119,119,119,119,0,0,0,0,0
1,1970-1979,0,,2021-01-11,196,196,196,196,196,196,0,0,0,0,0
0,1940-1949,0,,2021-01-11,175,166,175,175,175,175,1,0,0,0,0
1,1950-1959,0,,2021-01-11,175,168,175,175,175,175,0,0,0,0,0
0,1960-1969,0,,2021-01-11,287,273,280,280,280,280,0,0,0,0,0
0,1950-1959,0,,2021-01-11,168,168,168,168,168,168,0,0,0,0,0
1,1960-1969,0,,2021-01-11,189,189,189,189,189,189,0,0,0,0,0
1,1990+,0,,2021-01-11,238,231,238,238,238,238,0,0,0,0,0
0,1980-1989,0,,2021-01-11,182,182,182,182,182,182,0,0,0,0,0
0,1970-1979,0,,2021-01-11,168,161,168,168,168,168,0,0,0,0,0
1,<1940,0,,2021-01-11,91,84,91,91,91,91,0,0,0,0,0
1,1980-1989,0,,2021-01-11,98,91,98,98,98,98,0,0,0,0,0
0,1970-1979,1,Pfizer,2021-01-11,7,7,7,7,7,7,0,0,0,0,0
0,1990+,0,,2021-01-18,273,273,273,273,273,273,0,0,0,0,0
1,1940-1949,0,,2021-01-18,105,105,105,105,105,105,0,0,0,0,0
0,<1940,0,,2021-01-18,119,119,119,119,119,119,0,0,0,0,0
1,1970-1979,0,,2021-01-18,196,196,196,196,196,196,0,0,0,0,0
0,1940-1949,0,,2021-01-18,175,161,175,175,175,175,0,0,0,0,0
1,1950-1959,0,,2021-01-18,175,168,175,175,175,175,0,0,0,0,0
0,1960-1969,0,,2021-01-18,287,273,280,280,280,280,0,0,0,0,0
0,1950-1959,0,,2021-01-18,168,168,168,168,168,168,0,0,0,0,0
1,1960-1969,0,,2021-01-18,189,189,189,189,189,189,0,0,0,0,0
1,1990+,0,,2021-01-18,238,231,238,238,238,238,0,0,0,0,0
0,1980-1989,0,,2021-01-18,182,182,182,182,182,182,0,0,0,0,0
0,1970-1979,0,,2021-01-18,168,161,168,168,168,168,0,0,0,0,0
1,<1940,0,,2021-01-18,91,84,91,91,91,91,0,0,0,0,0
1,1980-1989,0,,2021-01-18,98,91,98,98,98,98,0,0,0,0,0
0,1970-1979,1,Pfizer,2021-01-18,7,7,7,7,7,7,0,0,0,0,0
0,1990+,0,,2021-01-25,273,269,273,273,273,273,1,0,0,0,0
1,1940-1949,0,,2021-01-25,105,105,105,105,105,105,0,0,0,0,0
0,<1940,0,,2021-01-25,119,119,119,119,119,119,0,0,0,0,0
1,1970-1979,0,,2021-01-25,196,196,196,196,196,196,0,0,0,0,0
0,1940-1949,0,,2021-01-25,175,161,175,175,175,175,0,0,0,0,0
1,1950-1959,0,,2021-01-25,175,168,175,175,175,175,0,0,0,0,0
0,1960-1969,0,,2021-01-25,287,273,280,280,280,280,0,0,0,0,0
0,1950-1959,0,,2021-01-25,168,168,168,168,168,168,0,0,0,0,0
1,1960-1969,0,,2021-01-25,189,189,189,189,189,189,0,0,0,0,0
1,1990+,0,,2021-01-25,237,230,237,237,237,237,0,0,0,0,0
0,1980-1989,0,,2021-01-25,182,182,182,182,182,182,0,0,0,0,0
0,1970-1979,0,,2021-01-25,168,159,166,168,168,168,1,1,0,0,0
1,<1940,0,,2021-01-25,91,84,91,91,91,91,0,0,0,0,0
1,1980-1989,0,,2021-01-25,98,91,98,98,98,98,0,0,0,0,0
0,1970-1979,1,Pfizer,2021-01-25,7,7,7,7,7,7,0,0,0,0,0
0,1990+,0,,2021-02-01,273,266,273,273,273,273,0,0,0,0,0
1,1940-1949,0,,2021-02-01,105,105,105,105,105,105,0,0,0,0,0
0,<1940,0,,2021-02-01,115,115,115,115,115,115,0,0,0,0,0
1,1970-1979,0,,2021-02-01,196,196,196,196,196,196,0,0,0,0,0
0,1940-1949,0,,2021-02-01,175,161,175,175,175,175,0,0,0,0,0
1,1950-1959,0,,2021-02-01,175,168,175,175,175,175,0,0,0,0,0
0,1960-1969,0,,2021-02-01,285,271,278,278,278,278,0,0,0,0,0
0,1950-1959,0,,2021-02-01,168,168,168,168,168,168,0,0,0,0,0
1,1960-1969,0,,2021-02-01,189,189,189,189,189,189,0,0,0,0,0
1,1990+,0,,2021-02-01,231,224,231,231,231,231,0,0,0,0,0
0,1980-1989,0,,2021-02-01,181,181,181,181,181,181,0,0,0,0,0
0,1970-1979,0,,2021-02-01,168,154,161,168,168,168,0,0,0,0,0
1,<1940,0,,2021-02-01,91,84,91,91,91,91,0,0,0,0,0
1,1980-1989,0,,2021-02-01,98,91,98,98,98,98,0,0,0,0,0
0,1970-1979,1,Pfizer,2021-02-01,7,7,7,7,7,7,0,0,0,0,0
0,1980-1989,1,Pfizer,2021-02-01,1,1,1,1,1,1,0,0,0,0,0
0,1990+,0,,2021-02-08,273,266,273,273,273,273,0,0,0,0,0
1,1940-1949,0,,2021-02-08,105,105,105,105,105,105,0,0,0,0,0
0,<1940,0,,2021-02-08,112,112,112,112,112,112,0,0,0,0,0
1,1970-1979,0,,2021-02-08,196,196,196,196,196,196,0,0,0,0,0
0,1940-1949,0,,2021-02-08,175,161,175,175,175,175,0,0,0,0,0
1,1950-1959,0,,2021-02-08,175,168,175,175,175,175,0,0,0,0,0
0,1960-1969,0,,2021-02-08,280,266,273,273,273,273,0,0,0,0,0
0,1950-1959,0,,2021-02-08,168,168,168,168,168,168,0,0,0,0,0
1,1960-1969,0,,2021-02-08,189,189,189,189,189,189,0,0,0,0,0
1,1990+,0,,2021-02-08,231,224,231,231,231,231,0,0,0,0,0
0,1980-1989,0,,2021-02-08,175,175,175,175,175,175,0,0,0,0,0
0,1970-1979,0,,2021-02-08,168,154,161,168,168,168,0,0,0,0,0
1,<1940,0,,2021-02-08,91,84,91,91,91,91,0,0,0,0,0
1,1980-1989,0,,2021-02-08,98,91,98,98,98,98,0,0,0,0,0
0,1970-1979,1,Pfizer,2021-02-08,7,7,7,7,7,7,0,0,0,0,0
0,1980-1989,1,Pfizer,2021-02-08,7,7,7,7,7,7,0,0,0,0,0
0,1990+,0,,2021-02-15,273,266,273,273,273,273,0,0,0,0,0
1,1940-1949,0,,2021-02-15,98,98,98,98,98,98,0,0,0,0,0
0,<1940,0,,2021-02-15,112,112,112,112,112,112,0,0,0,0,0
1,1970-1979,0,,2021-02-15,196,196,196,196,196,196,0,0,0,0,0
0,1940-1949,0,,2021-02-15,175,161,175,175,175,175,0,0,0,0,0
1,1950-1959,0,,2021-02-15,175,168,175,175,175,175,0,0,0,0,0
0,1960-1969,0,,2021-02-15,280,266,273,273,273,273,0,0,0,0,0
0,1950-1959,0,,2021-02-15,168,168,168,168,168,168,0,0,0,0,0
1,1960-1969,0,,2021-02-15,189,189,189,189,189,189,0,0,0,0,0
1,1990+,0,,2021-02-15,231,224,231,231,231,231,0,0,0,0,0
0,1980-1989,0,,2021-02-15,175,175,175,175,175,175,0,0,0,0,0
0,1970-1979,0,,2021-02-15,168,154,161,168,168,168,0,0,0,0,0
1,<1940,0,,2021-02-15,91,84,91,91,91,91,0,0,0,0,0
1,1980-1989,0,,2021-02-15,98,91,98,98,98,98,0,0,0,0,0
0,1970-1979,1,Pfizer,2021-02-15,7,7,7,7,7,7,0,0,0,0,0
0,1980-1989,1,Pfizer,2021-02-15,7,7,7,7,7,7,0,0,0,0,0
0,1990+,0,,2021-02-22,273,266,273,273,273,273,0,0,0,0,0
1,1940-1949,0,,2021-02-22,98,98,98,98,98,98,0,0,0,0,0
0,<1940,0,,2021-02-22,112,112,112,112,112,112,0,0,0,0,0
1,1970-1979,0,,2021-02-22,196,196,196,196,196,196,0,0,0,0,0
0,1940-1949,0,,2021-02-22,175,161,175,175,175,175,0,0,0,0,0
1,1950-1959,0,,2021-02-22,175,168,175,175,175,175,0,0,0,0,0
0,1960-1969,0,,2021-02-22,280,266,273,273,273,273,0,0,0,0,0
0,1950-1959,0,,2021-02-22,168,168,168,168,168,168,0,0,0,0,0
1,1960-1969,0,,2021-02-22,189,189,189,189,189,189,0,0,0,0,0
1,1990+,0,,2021-02-22,231,224,231,231,231,231,0,0,0,0,0
0,1980-1989,0,,2021-02-22,175,175,175,175,175,175,0,0,0,0,0
0,1970-1979,0,,2021-02-22,168,154,161,168,168,168,0,0,0,0,0
1,<1940,0,,2021-02-22,91,84,91,91,91,91,0,0,0,0,0
1,1980-1989,0,,2021-02-22,98,91,98,98,98,98,0,0,0,0,0
0,1970-1979,1,Pfizer,2021-02-22,7,7,7,7,7,7,0,0,0,0,0
0,1980-1989,1,Pfizer,2021-02-22,7,7,7,7,7,7,0,0,0,0,0
0,1990+,0,,2021-03-01,273,266,273,273,273,273,0,0,0,0,0
1,1940-1949,0,,2021-03-01,98,98,98,98,98,98,0,0,0,0,0
0,<1940,0,,2021-03-01,112,112,112,112,112,112,0,0,0,0,0
1,1970-1979,0,,2021-03-01,196,196,196,196,196,196,0,0,0,0,0
0,1940-1949,0,,2021-03-01,170,156,170,170,170,170,0,0,0,0,0
1,1950-1959,0,,2021-03-01,170,163,170,170,170,170,0,0,0,0,0
0,1960-1969,0,,2021-03-01,280,266,273,273,273,273,0,0,0,0,0
0,1950-1959,0,,2021-03-01,168,168,168,168,168,168,0,0,0,0,0
1,1960-1969,0,,2021-03-01,185,185,185,185,185,185,0,0,0,0,0
1,1990+,0,,2021-03-01,231,224,231,231,231,231,0,0,0,0,0
0,1980-1989,0,,2021-03-01,175,175,175,175,175,175,0,0,0,0,0
0,1970-1979,0,,2021-03-01,168,154,161,168,168,168,0,0,0,0,0
1,<1940,0,,2021-03-01,91,84,91,91,91,91,0,0,0,0,0
1,1980-1989,0,,2021-03-01,98,91,98,98,98,98,0,0,0,0,0
1,1960-1969,1,Pfizer,2021-03-01,4,4,4,4,4,4,0,0,0,0,0
0,1970-1979,1,Pfizer,2021-03-01,7,7,7,7,7,7,0,0,0,0,0
0,1980-1989,1,Pfizer,2021-03-01,7,7,7,7,7,7,0,0,0,0,0
0,1990+,0,,2021-03-08,273,266,273,273,273,273,0,0,0,0,0
1,1940-1949,0,,2021-03-08,98,98,98,98,98,98,0,0,0,0,0
0,<1940,0,,2021-03-08,107,107,107,107,107,107,0,0,0,0,0
1,1970-1979,0,,2021-03-08,196,196,196,196,196,196,0,0,0,0,0
0,1940-1949,0,,2021-03-08,168,154,168,168,168,168,0,0,0,0,0
1,1950-1959,0,,2021-03-08,168,161,168,168,168,168,0,0,0,0,0
0,1960-1969,0,,2021-03-08,268,254,261,261,261,261,0,0,0,0,0
0,1950-1959,0,,2021-03-08,168,168,168,168,168,168,0,0,0,0,0
1,1960-1969,0,,2021-03-08,180,180,180,180,180,180,0,0,0,0,0
1,1990+,0,,2021-03-08,231,224,231,231,231,231,0,0,0,0,0
0,1980-1989,0,,2021-03-08,174,174,174,174,174,174,0,0,0,0,0
0,1970-1979,0,,2021-03-08,168,154,161,168,168,168,0,0,0,0,0
1,<1940,0,,2021-03-08,91,84,91,91,91,91,0,0,0,0,0
1,1980-1989,0,,2021-03-08,98,85,98,98,98,98,1,0,0,0,0
1,1960-1969,1,Pfizer,2021-03-08,7,7,7,7,7,7,0,0,0,0,0
0,1960-1969,1,Pfizer,2021-03-08,9,9,9,9,9,9,0,0,0,0,0
0,1980-1989,1,Pfizer,2021-03-08,8,8,8,8,8,8,0,0,0,0,0
0,<1940,1,Pfizer,2021-03-08,5,5,5,5,5,5,0,0,0,0,0
0,1970-1979,1,Pfizer,2021-03-08,7,7,7,7,7,7,0,0,0,0,0
0,1990+,0,,2021-03-15,273,266,273,273,273,273,0,0,0,0,0
1,1940-1949,0,,2021-03-15,98,98,98,98,98,98,0,0,0,0,0
0,<1940,0,,2021-03-15,105,105,105,105,105,105,0,0,0,0,0
1,1970-1979,0,,2021-03-15,196,196,196,196,196,196,0,0,0,0,0
0,1940-1949,0,,2021-03-15,168,154,168,168,168,168,0,0,0,0,0
1,1950-1959,0,,2021-03-15,168,161,168,168,168,168,0,0,0,0,0
0,1960-1969,0,,2021-03-15,259,245,252,252,252,252,0,0,0,0,0
0,1950-1959,0,,2021-03-15,168,168,168,168,168,168,0,0,0,0,0
1,1960-1969,0,,2021-03-15,170,170,170,170,170,170,0,0,0,0,0
1,1990+,0,,2021-03-15,231,224,231,231,231,231,0,0,0,0,0
0,1980-1989,0,,2021-03-15,168,168,168,168,168,168,0,0,0,0,0
0,1970-1979,0,,2021-03-15,168,154,161,168,168,168,0,0,0,0,0
1,<1940,0,,2021-03-15,91,84,91,91,91,91,0,0,0,0,0
1,1980-1989,0,,2021-03-15,98,84,98,98,98,98,0,0,0,0,0
1,1960-1969,1,Pfizer,2021-03-15,12,12,12,12,12,12,0,0,0,0,0
0,1960-1969,1,Pfizer,2021-03-15,14,14,14,14,14,14,0,0,0,0,0
0,1980-1989,1,Pfizer,2021-03-15,10,10,10,10,10,10,0,0,0,0,0
0,<1940,1,Pfizer,2021-03-15,7,7,7,7,7,7,0,0,0,0,0
0,1970-1979,1,Pfizer,2021-03-15,7,7,7,7,7,7,0,0,0,0,0
0,1980-1989,2,Pfizer,2021-03-15,4,4,4,4,4,4,0,0,0,0,0
0,1990+,0,,2021-03-22,273,266,273,273,273,273,0,0,0,0,0
1,1940-1949,0,,2021-03-22,98,98,98,98,98,98,0,0,0,0,0
0,<1940,0,,2021-03-22,105,105,105,105,105,105,0,0,0,0,0
1,1970-1979,0,,2021-03-22,191,191,191,191,191,191,0,0,0,0,0
0,1940-1949,0,,2021-03-22,168,154,168,168,168,168,0,0,0,0,0
1,1950-1959,0,,2021-03-22,168,161,168,168,168,168,0,0,0,0,0
0,1960-1969,0,,2021-03-22,259,245,252,252,252,252,0,0,0,0,0
0,1950-1959,0,,2021-03-22,168,168,168,168,168,168,0,0,0,0,0
1,1960-1969,0,,2021-03-22,168,168,168,168,168,168,0,0,0,0,0
1,1990+,0,,2021-03-22,231,224,231,231,231,231,0,0,0,0,0
0,1980-1989,0,,2021-03-22,168,168,168,168,168,168,0,0,0,0,0
0,1970-1979,0,,2021-03-22,168,154,161,168,168,168,0,0,0,0,0
1,1970-1979,1,Pfizer,2021-03-22,5,5,5,5,5,5,0,0,0,0,0
1,<1940,0,,2021-03-22,91,84,91,91,91,91,0,0,0,0,0
1,1980-1989,0,,2021-03-22,98,84,98,98,98,98,0,0,0,0,0
1,1960-1969,1,Pfizer,2021-03-22,14,14,14,14,14,14,0,0,0,0,0
0,1960-1969,1,Pfizer,2021-03-22,14,14,14,14,14,14,0,0,0,0,0
0,1980-1989,1,Pfizer,2021-03-22,7,7,7,7,7,7,0,0,0,0,0
0,<1940,1,Pfizer,2021-03-22,7,7,7,7,7,7,0,0,0,0,0
0,1970-1979,1,Pfizer,2021-03-22,7,7,7,7,7,7,0,0,0,0,0
0,1980-1989,2,Pfizer,2021-03-22,7,7,7,7,7,7,0,0,0,0,0
0,1990+,0,,2021-03-29,273,266,273,273,273,273,0,0,0,0,0
1,1940-1949,0,,2021-03-29,92,92,92,92,92,92,0,0,0,0,0
0,<1940,0,,2021-03-29,105,105,105,105,105,105,0,0,0,0,0
1,1970-1979,0,,2021-03-29,182,182,182,182,182,182,1,0,0,0,0
0,1940-1949,0,,2021-03-29,168,154,168,168,168,168,0,0,0,0,0
1,1950-1959,0,,2021-03-29,168,161,168,168,168,168,0,0,0,0,0
0,1960-1969,0,,2021-03-29,259,245,252,252,252,252,0,0,0,0,0
0,1950-1959,0,,2021-03-29,168,168,168,168,168,168,0,0,0,0,0
1,1960-1969,0,,2021-03-29,168,168,168,168,168,168,0,0,0,0,0
1,1990+,0,,2021-03-29,231,224,231,231,231,231,0,0,0,0,0
0,1980-1989,0,,2021-03-29,168,168,168,168,168,168,0,0,0,0,0
0,1970-1979,0,,2021-03-29,163,149,156,163,163,163,0,0,0,0,0
1,1970-1979,1,Pfizer,2021-03-29,7,7,7,7,7,7,0,0,0,0,0
1,<1940,0,,2021-03-29,88,81,88,88,88,88,0,0,0,0,0
1,1980-1989,0,,2021-03-29,98,84,98,98,98,98,0,0,0,0,0
1,1960-1969,1,Pfizer,2021-03-29,8,8,8,8,8,8,0,0,0,0,0
1,1960-1969,2,Pfizer,2021-03-29,6,6,6,6,6,6,0,0,0,0,0
0,1960-1969,1,Pfizer,2021-03-29,14,14,14,14,14,14,0,0,0,0,0
1,<1940,1,Pfizer,2021-03-29,3,3,3,3,3,3,0,0,0,0,0
0,1980-1989,1,Pfizer,2021-03-29,7,7,7,7,7,7,0,0,0,0,0
1,1970-1979,1,AstraZeneca,2021-03-29,7,7,7,7,7,7,0,0,0,0,0
0,<1940,1,Pfizer,2021-03-29,7,7,7,7,7,7,0,0,0,0,0
1,1940-1949,1,AstraZeneca,2021-03-29,1,1,1,1,1,1,0,0,0,0,0
0,1970-1979,1,Pfizer,2021-03-29,12,12,12,12,12,12,0,0,0,0,0
0,1980-1989,2,Pfizer,2021-03-29,7,7,7,7,7,7,0,0,0,0,0
0,1990+,0,,2021-04-05,273,266,273,273,273,273,0,0,0,0,0
1,1940-1949,0,,2021-04-05,84,84,84,84,84,84,0,0,0,0,0
0,<1940,0,,2021-04-05,101,101,101,101,101,101,0,0,0,0,0
1,1970-1979,0,,2021-04-05,182,175,182,182,182,182,0,0,0,0,0
0,1940-1949,0,,2021-04-05,168,154,168,168,168,168,0,0,0,0,0
1,1950-1959,0,,2021-04-05,168,161,168,168,168,168,0,0,0,0,0
0,1960-1969,0,,2021-04-05,259,245,252,252,252,252,0,0,0,0,0
0,1950-1959,0,,2021-04-05,168,168,168,168,168,168,0,0,0,0,0
1,1960-1969,0,,2021-04-05,161,161,161,161,161,161,0,0,0,0,0
1,1990+,0,,2021-04-05,231,224,231,231,231,231,0,0,0,0,0
0,1980-1989,0,,2021-04-05,168,168,168,168,168,168,0,0,0,0,0
0,1970-1979,0,,2021-04-05,161,147,154,161,161,161,0,0,0,0,0
1,1970-1979,2,Pfizer,2021-04-05,7,7,7,7,7,7,0,0,0,0,0
1,1960-1969,1,Pfizer,2021-04-05,14,14,14,14,14,14,0,0,0,0,0
1,<1940,0,,2021-04-05,79,66,79,79,79,79,1,0,0,0,0
1,<1940,1,Pfizer,2021-04-05,12,12,12,12,12,12,0,0,0,0,0
1,1980-1989,0,,2021-04-05,98,84,98,98,98,98,0,0,0,0,0
1,1960-1969,2,Pfizer,2021-04-05,7,7,7,7,7,7,0,0,0,0,0
0,1960-1969,1,Pfizer,2021-04-05,14,14,14,14,14,14,0,0,0,0,0
0,1980-1989,1,Pfizer,2021-04-05,7,7,7,7,7,7,0,0,0,0,0
1,1970-1979,1,AstraZeneca,2021-04-05,7,7,7,7,7,7,0,0,0,0,0
0,<1940,1,Pfizer,2021-04-05,11,11,11,11,11,11,0,0,0,0,0
1,1940-1949,1,AstraZeneca,2021-04-05,7,7,7,7,7,7,0,0,0,0,0
0,1970-1979,1,Pfizer,2021-04-05,14,14,14,14,14,14,0,0,0,0,0
0,1980-1989,2,Pfizer,2021-04-05,7,7,7,7,7,7,0,0,0,0,0
