sex,ageband_at_1_jan_2021,month,Persontime,Persontime_MIS_narrow,Persontime_KD_narrow,Persontime_MIS_KD_narrow,Persontime_MIS_broad,Persontime_KD_broad,Persontime_MIS_KD_broad,Persontime_MYOCARD_narrow,Persontime_MYOCARD_possible,Persontime_Myocardalone_narrow,Persontime_Myocardalone_possible,MIS_narrow_b,KD_narrow_b,MIS_KD_narrow_b,MIS_broad_b,KD_broad_b,MIS_KD_broad_b,MYOCARD_narrow_b,MYOCARD_possible_b,Myocardalone_narrow_b,Myocardalone_possible_b
0,50-59,2020-01,5921,5921,5921,5921,5921,5921,5921,5921,5921,5921,5921,0,0,0,0,0,0,0,0,0,0
0,50-59,2020-02,5519,5519,5519,5519,5519,5519,5519,5519,5519,5519,5519,0,0,0,0,0,0,0,0,0,0
0,50-59,2020-03,5868,5868,5868,5868,5868,5868,5868,5868,5868,5868,5868,0,0,0,0,0,0,0,0,0,0
0,50-59,2020-04,5660,5660,5660,5660,5660,5660,5660,5660,5660,5660,5660,0,0,0,0,0,0,0,0,0,0
0,50-59,2020-05,5805,5805,5805,5805,5805,5805,5805,5805,5805,5805,5805,0,0,0,0,0,0,0,0,0,0
0,50-59,2020-06,5550,5550,5550,5550,5550,5550,5550,5550,5550,5550,5550,0,0,0,0,0,0,0,0,0,0
0,50-59,2020-07,5648,5648,5648,5648,5648,5648,5648,5648,5648,5648,5648,0,0,0,0,0,0,0,0,0,0
0,50-59,2020-08,5592,5592,5592,5592,5592,5592,5592,5592,5592,5592,5592,0,0,0,0,0,0,0,0,0,0
0,50-59,2020-09,5368,5368,5368,5368,5368,5368,5368,5368,5368,5368,5368,0,0,0,0,0,0,0,0,0,0
0,50-59,2020-10,5480,5480,5480,5480,5480,5480,5480,5480,5480,5480,5480,0,0,0,0,0,0,0,0,0,0
0,50-59,2020-11,5247,5247,5247,5247,5247,5247,5247,5247,5247,5247,5247,0,0,0,0,0,0,0,0,0,0
0,50-59,2020-12,5335,5335,5335,5335,5335,5335,5335,5335,5335,5335,5335,0,0,0,0,0,0,0,0,0,0
0,50-59,2021-01,5056,5056,5056,5056,5056,5056,5056,5056,5056,5056,5056,0,0,0,0,0,0,0,0,0,0
0,50-59,2021-02,4254,4254,4254,4254,4254,4254,4254,4254,4254,4254,4254,0,0,0,0,0,0,0,0,0,0
0,50-59,2021-03,4365,4365,4365,4365,4365,4365,4365,4365,4365,4365,4365,0,0,0,0,0,0,0,0,0,0
0,50-59,2021-04,4099,4099,4099,4099,4099,4099,4099,4099,4099,4099,4099,0,0,0,0,0,0,0,0,0,0
0,50-59,2021-05,3744,3744,3744,3744,3744,3744,3744,3744,3744,3744,3744,0,0,0,0,0,0,0,0,0,0
1,70-79,2020-01,3596,3596,3596,3596,3596,3596,3596,3596,3596,3596,3596,0,0,0,0,0,0,0,0,0,0
1,70-79,2020-02,3345,3345,3345,3345,3345,3345,3345,3345,3345,3345,3345,0,0,0,0,0,0,0,0,0,0
1,70-79,2020-03,3540,3540,3540,3540,3540,3540,3540,3540,3540,3540,3540,0,0,0,0,0,0,0,0,0,0
1,70-79,2020-04,3390,3390,3390,3390,3390,3390,3390,3390,3390,3390,3390,0,0,0,0,0,0,0,0,0,0
1,70-79,2020-05,3472,3472,3472,3472,3472,3472,3472,3472,3472,3472,3472,0,0,0,0,0,0,0,0,0,0
1,70-79,2020-06,3329,3329,3329,3329,3329,3329,3329,3329,3329,3329,3329,0,0,0,0,0,0,0,0,0,0
1,70-79,2020-07,3359,3359,3359,3359,3359,3359,3359,3359,3359,3359,3359,0,0,0,0,0,0,0,0,0,0
1,70-79,2020-08,3320,3320,3320,3320,3320,3320,3320,3320,3320,3320,3320,0,0,0,0,0,0,0,0,0,0
1,70-79,2020-09,3161,3161,3161,3161,3161,3161,3161,3161,3161,3161,3161,0,0,0,0,0,0,0,0,0,0
1,70-79,2020-10,3214,3214,3214,3214,3214,3214,3214,3214,3214,3214,3214,0,0,0,0,0,0,0,0,0,0
1,70-79,2020-11,3090,3090,3090,3090,3090,3090,3090,3090,3090,3090,3090,0,0,0,0,0,0,0,0,0,0
1,70-79,2020-12,3080,3080,3080,3080,3080,3080,3080,3080,3080,3080,3080,0,0,0,0,0,0,0,0,0,0
1,70-79,2021-01,3024,3024,3024,3024,3024,3024,3024,3024,3024,3024,3024,0,0,0,0,0,0,0,0,0,0
1,70-79,2021-02,2703,2703,2703,2703,2703,2703,2703,2703,2703,2703,2703,0,0,0,0,0,0,0,0,0,0
1,70-79,2021-03,2858,2858,2858,2858,2858,2858,2858,2858,2858,2858,2858,0,0,0,0,0,0,0,0,0,0
1,70-79,2021-04,1693,1693,1693,1693,1693,1693,1693,1693,1693,1693,1693,0,0,0,0,0,0,0,0,0,0
1,30-39,2020-01,2749,2749,2749,2749,2749,2749,2749,2749,2749,2749,2749,0,0,0,0,0,0,0,0,0,0
1,30-39,2020-02,2526,2526,2526,2526,2526,2526,2526,2526,2526,2526,2526,0,0,0,0,0,0,0,0,0,0
1,30-39,2020-03,2697,2697,2697,2697,2697,2697,2697,2697,2697,2697,2697,0,0,0,0,0,0,0,0,0,0
1,30-39,2020-04,2610,2610,2610,2610,2610,2610,2610,2610,2610,2610,2610,0,0,0,0,0,0,0,0,0,0
1,30-39,2020-05,2697,2697,2697,2697,2697,2697,2697,2697,2697,2697,2697,0,0,0,0,0,0,0,0,0,0
1,30-39,2020-06,2610,2610,2610,2610,2610,2610,2610,2610,2610,2610,2610,0,0,0,0,0,0,0,0,0,0
1,30-39,2020-07,2659,2659,2659,2659,2659,2659,2659,2659,2659,2659,2659,0,0,0,0,0,0,0,0,0,0
1,30-39,2020-08,2578,2578,2578,2578,2578,2578,2578,2578,2578,2578,2578,0,0,0,0,0,0,0,0,0,0
1,30-39,2020-09,2490,2490,2490,2490,2490,2490,2490,2490,2490,2490,2490,0,0,0,0,0,0,0,0,0,0
1,30-39,2020-10,2563,2563,2563,2563,2563,2563,2563,2563,2563,2563,2563,0,0,0,0,0,0,0,0,0,0
1,30-39,2020-11,2446,2446,2446,2446,2446,2446,2446,2446,2446,2446,2446,0,0,0,0,0,0,0,0,0,0
1,30-39,2020-12,2441,2441,2441,2441,2441,2441,2441,2441,2441,2441,2441,0,0,0,0,0,0,0,0,0,0
1,30-39,2021-01,2331,2331,2331,2331,2331,2331,2331,2331,2331,2331,2331,0,0,0,0,0,0,0,0,0,0
1,30-39,2021-02,2019,2019,2019,2019,2019,2019,2019,2019,2019,2019,2019,0,0,0,0,0,0,0,0,0,0
1,30-39,2021-03,2170,2170,2170,2170,2170,2170,2170,2170,2170,2170,2170,0,0,0,0,0,0,0,0,0,0
1,30-39,2021-04,2082,2082,2082,2082,2082,2082,2082,2082,2082,2082,2082,0,0,0,0,0,0,0,0,0,0
1,30-39,2021-05,2043,2043,2043,2043,2043,2043,2043,2043,2043,2043,2043,0,0,0,0,0,0,0,0,0,0
1,30-39,2021-06,1763,1763,1763,1763,1763,1763,1763,1763,1763,1763,1763,0,0,0,0,0,0,0,0,0,0
1,40-49,2020-01,4633,4633,4633,4633,4633,4633,4633,4602,4633,4633,4633,0,0,0,0,0,0,0,0,0,0
1,40-49,2020-02,4298,4298,4298,4298,4298,4298,4298,4269,4298,4298,4298,0,0,0,0,0,0,0,0,0,0
1,40-49,2020-03,4546,4546,4546,4546,4546,4546,4546,4515,4546,4546,4546,0,0,0,0,0,0,0,0,0,0
1,40-49,2020-04,4375,4375,4375,4375,4375,4375,4375,4345,4375,4375,4375,0,0,0,0,0,0,0,0,0,0
1,40-49,2020-05,4464,4464,4464,4464,4464,4464,4464,4433,4464,4464,4464,0,0,0,0,0,0,0,0,0,0
1,40-49,2020-06,4290,4290,4290,4290,4290,4290,4290,4246,4290,4290,4290,0,0,0,0,0,0,1,0,0,0
1,40-49,2020-07,4411,4411,4411,4411,4411,4411,4411,4349,4411,4411,4411,0,0,0,0,0,0,0,0,0,0
1,40-49,2020-08,4313,4313,4313,4313,4313,4313,4313,4251,4313,4313,4313,0,0,0,0,0,0,0,0,0,0
1,40-49,2020-09,4107,4107,4107,4107,4107,4107,4107,4047,4107,4107,4107,0,0,0,0,0,0,0,0,0,0
1,40-49,2020-10,4182,4182,4182,4182,4182,4182,4182,4120,4182,4182,4182,0,0,0,0,0,0,0,0,0,0
1,40-49,2020-11,3995,3995,3995,3995,3995,3995,3995,3935,3995,3995,3995,0,0,0,0,0,0,0,0,0,0
1,40-49,2020-12,4029,4029,4029,4029,4029,4029,4029,3967,4029,4029,4029,0,0,0,0,0,0,0,0,0,0
1,40-49,2021-01,3937,3937,3937,3937,3937,3937,3937,3875,3937,3937,3937,0,0,0,0,0,0,0,0,0,0
1,40-49,2021-02,3455,3455,3455,3455,3455,3455,3455,3399,3455,3455,3455,0,0,0,0,0,0,0,0,0,0
1,40-49,2021-03,3582,3582,3582,3582,3582,3582,3582,3520,3582,3582,3582,0,0,0,0,0,0,0,0,0,0
1,40-49,2021-04,3371,3371,3371,3371,3371,3371,3371,3311,3371,3371,3371,0,0,0,0,0,0,0,0,0,0
1,40-49,2021-05,3287,3287,3287,3287,3287,3287,3287,3205,3287,3287,3287,0,0,0,0,0,0,1,0,0,0
1,40-49,2021-06,2404,2404,2404,2404,2404,2404,2404,2361,2404,2404,2404,0,0,0,0,0,0,0,0,0,0
1,25-29,2020-01,1519,1519,1519,1519,1519,1519,1519,1519,1519,1519,1519,0,0,0,0,0,0,0,0,0,0
1,25-29,2020-02,1421,1421,1421,1421,1421,1421,1421,1421,1421,1421,1421,0,0,0,0,0,0,0,0,0,0
1,25-29,2020-03,1519,1519,1519,1519,1519,1519,1519,1519,1519,1519,1519,0,0,0,0,0,0,0,0,0,0
1,25-29,2020-04,1463,1463,1463,1463,1463,1463,1463,1463,1463,1463,1463,0,0,0,0,0,0,0,0,0,0
1,25-29,2020-05,1488,1488,1488,1488,1488,1488,1488,1488,1488,1488,1488,0,0,0,0,0,0,0,0,0,0
1,25-29,2020-06,1440,1440,1440,1440,1440,1440,1440,1440,1440,1440,1440,0,0,0,0,0,0,0,0,0,0
1,25-29,2020-07,1488,1488,1488,1488,1488,1488,1488,1488,1488,1488,1488,0,0,0,0,0,0,0,0,0,0
1,25-29,2020-08,1488,1488,1488,1488,1488,1488,1488,1488,1488,1488,1488,0,0,0,0,0,0,0,0,0,0
1,25-29,2020-09,1410,1410,1410,1410,1410,1410,1410,1410,1410,1410,1410,0,0,0,0,0,0,0,0,0,0
1,25-29,2020-10,1457,1457,1457,1457,1457,1457,1457,1457,1457,1457,1457,0,0,0,0,0,0,0,0,0,0
1,25-29,2020-11,1410,1410,1410,1410,1410,1410,1410,1410,1410,1410,1410,0,0,0,0,0,0,0,0,0,0
1,25-29,2020-12,1457,1457,1457,1457,1457,1457,1457,1457,1457,1457,1457,0,0,0,0,0,0,0,0,0,0
1,25-29,2021-01,1430,1430,1430,1430,1430,1430,1430,1430,1430,1430,1430,0,0,0,0,0,0,0,0,0,0
1,25-29,2021-02,1288,1288,1288,1288,1288,1288,1288,1288,1288,1288,1288,0,0,0,0,0,0,0,0,0,0
1,25-29,2021-03,1426,1426,1426,1426,1426,1426,1426,1426,1426,1426,1426,0,0,0,0,0,0,0,0,0,0
1,25-29,2021-04,1380,1380,1380,1380,1380,1380,1380,1380,1380,1380,1380,0,0,0,0,0,0,0,0,0,0
1,25-29,2021-05,1389,1389,1389,1389,1389,1389,1389,1389,1389,1389,1389,0,0,0,0,0,0,0,0,0,0
1,25-29,2021-06,1157,1157,1157,1157,1157,1157,1157,1157,1157,1157,1157,0,0,0,0,0,0,0,0,0,0
0,80+,2020-01,4320,4320,4320,4320,4320,4320,4320,4320,4320,4320,4320,0,0,0,0,0,0,0,0,0,0
0,80+,2020-02,4031,4031,4031,4031,4031,4031,4031,4031,4031,4031,4031,0,0,0,0,0,0,0,0,0,0
0,80+,2020-03,4282,4282,4282,4282,4282,4282,4282,4282,4282,4282,4282,0,0,0,0,0,0,0,0,0,0
0,80+,2020-04,4051,4051,4051,4051,4051,4051,4051,4051,4051,4051,4051,0,0,0,0,0,0,0,0,0,0
0,80+,2020-05,4104,4104,4104,4104,4104,4104,4104,4104,4104,4104,4104,0,0,0,0,0,0,0,0,0,0
0,80+,2020-06,3897,3897,3897,3897,3897,3897,3897,3897,3897,3897,3897,0,0,0,0,0,0,0,0,0,0
0,80+,2020-07,3989,3989,3989,3989,3989,3989,3989,3989,3989,3989,3989,0,0,0,0,0,0,0,0,0,0
0,80+,2020-08,3968,3968,3968,3968,3968,3968,3968,3968,3968,3968,3968,0,0,0,0,0,0,0,0,0,0
0,80+,2020-09,3840,3840,3840,3840,3840,3840,3840,3840,3840,3840,3840,0,0,0,0,0,0,0,0,0,0
0,80+,2020-10,3967,3967,3967,3967,3967,3967,3967,3967,3967,3967,3967,0,0,0,0,0,0,0,0,0,0
0,80+,2020-11,3810,3810,3810,3810,3810,3810,3810,3810,3810,3810,3810,0,0,0,0,0,0,0,0,0,0
0,80+,2020-12,3921,3921,3921,3921,3921,3921,3921,3921,3921,3921,3921,0,0,0,0,0,0,0,0,0,0
0,80+,2021-01,3862,3862,3862,3862,3862,3862,3862,3862,3862,3862,3862,0,0,0,0,0,0,0,0,0,0
0,80+,2021-02,3383,3383,3383,3383,3383,3383,3383,3383,3383,3383,3383,0,0,0,0,0,0,0,0,0,0
0,80+,2021-03,2945,2945,2945,2945,2945,2945,2945,2945,2945,2945,2945,0,0,0,0,0,0,0,0,0,0
0,80+,2021-04,938,938,938,938,938,938,938,938,938,938,938,0,0,0,0,0,0,0,0,0,0
0,40-49,2020-01,5099,5099,5099,5099,5099,5099,5099,5099,5099,5099,5099,0,0,0,0,0,0,0,0,0,0
0,40-49,2020-02,4756,4756,4756,4756,4756,4756,4756,4756,4756,4756,4756,0,0,0,0,0,0,0,0,0,0
0,40-49,2020-03,5084,5084,5084,5084,5084,5084,5084,5084,5084,5084,5084,0,0,0,0,0,0,0,0,0,0
0,40-49,2020-04,4920,4920,4920,4920,4920,4920,4920,4920,4920,4920,4920,0,0,0,0,0,0,0,0,0,0
0,40-49,2020-05,5054,5054,5054,5054,5054,5054,5054,5054,5054,5054,5054,0,0,0,0,0,0,0,0,0,0
0,40-49,2020-06,4800,4800,4800,4800,4800,4800,4800,4800,4800,4800,4800,0,0,0,0,0,0,0,0,0,0
0,40-49,2020-07,4960,4960,4960,4960,4960,4960,4960,4960,4960,4960,4960,0,0,0,0,0,0,0,0,0,0
0,40-49,2020-08,4955,4955,4955,4955,4955,4955,4955,4955,4955,4955,4955,0,0,0,0,0,0,0,0,0,0
0,40-49,2020-09,4752,4752,4752,4752,4752,4752,4752,4752,4752,4752,4752,0,0,0,0,0,0,0,0,0,0
0,40-49,2020-10,4898,4898,4898,4898,4898,4898,4898,4898,4898,4898,4898,0,0,0,0,0,0,0,0,0,0
0,40-49,2020-11,4660,4660,4660,4660,4660,4660,4660,4660,4660,4660,4660,0,0,0,0,0,0,0,0,0,0
0,40-49,2020-12,4686,4686,4686,4686,4686,4686,4686,4686,4686,4686,4686,0,0,0,0,0,0,0,0,0,0
0,40-49,2021-01,4504,4504,4504,4504,4504,4504,4504,4504,4504,4504,4504,0,0,0,0,0,0,0,0,0,0
0,40-49,2021-02,3859,3859,3859,3859,3859,3859,3859,3859,3859,3859,3859,0,0,0,0,0,0,0,0,0,0
0,40-49,2021-03,3995,3995,3995,3995,3995,3995,3995,3995,3995,3995,3995,0,0,0,0,0,0,0,0,0,0
0,40-49,2021-04,3745,3745,3745,3745,3745,3745,3745,3745,3745,3745,3745,0,0,0,0,0,0,0,0,0,0
0,40-49,2021-05,3718,3718,3718,3718,3718,3718,3718,3718,3718,3718,3718,0,0,0,0,0,0,0,0,0,0
0,40-49,2021-06,2867,2867,2867,2867,2867,2867,2867,2867,2867,2867,2867,0,0,0,0,0,0,0,0,0,0
1,50-59,2020-01,5714,5714,5714,5714,5714,5714,5714,5683,5714,5714,5714,0,0,0,0,0,0,0,0,0,0
1,50-59,2020-02,5325,5325,5325,5325,5325,5325,5325,5296,5325,5325,5325,0,0,0,0,0,0,0,0,0,0
1,50-59,2020-03,5646,5646,5646,5646,5646,5646,5646,5615,5646,5646,5646,0,0,0,0,0,0,0,0,0,0
1,50-59,2020-04,5460,5460,5460,5460,5460,5460,5460,5430,5460,5460,5460,0,0,0,0,0,0,0,0,0,0
1,50-59,2020-05,5623,5623,5623,5623,5623,5623,5623,5592,5623,5623,5623,0,0,0,0,0,0,0,0,0,0
1,50-59,2020-06,5430,5430,5430,5430,5430,5430,5430,5400,5430,5430,5430,0,0,0,0,0,0,0,0,0,0
1,50-59,2020-07,5600,5600,5600,5600,5600,5600,5600,5569,5600,5600,5600,0,0,0,0,0,0,0,0,0,0
1,50-59,2020-08,5580,5580,5580,5580,5580,5580,5580,5549,5580,5580,5580,0,0,0,0,0,0,0,0,0,0
1,50-59,2020-09,5393,5393,5393,5393,5393,5393,5393,5363,5393,5393,5393,0,0,0,0,0,0,0,0,0,0
1,50-59,2020-10,5534,5534,5534,5534,5534,5534,5534,5503,5534,5534,5534,0,0,0,0,0,0,0,0,0,0
1,50-59,2020-11,5273,5273,5273,5273,5273,5273,5273,5243,5273,5273,5273,0,0,0,0,0,0,0,0,0,0
1,50-59,2020-12,5339,5339,5339,5339,5339,5339,5339,5308,5339,5339,5339,0,0,0,0,0,0,0,0,0,0
1,50-59,2021-01,5258,5258,5258,5258,5258,5258,5258,5227,5258,5258,5258,0,0,0,0,0,0,0,0,0,0
1,50-59,2021-02,4536,4536,4536,4536,4536,4536,4536,4508,4536,4536,4536,0,0,0,0,0,0,0,0,0,0
1,50-59,2021-03,4667,4667,4667,4667,4667,4667,4667,4636,4667,4667,4667,0,0,0,0,0,0,0,0,0,0
1,50-59,2021-04,4352,4352,4352,4352,4352,4352,4352,4322,4352,4352,4352,0,0,0,0,0,0,0,0,0,0
1,50-59,2021-05,4142,4142,4142,4142,4142,4142,4142,4111,4142,4142,4142,0,0,0,0,0,0,0,0,0,0
1,50-59,2021-06,2458,2458,2458,2458,2458,2458,2458,2452,2458,2458,2458,0,0,0,0,0,0,0,0,0,0
0,50-59,2021-06,1972,1972,1972,1972,1972,1972,1972,1972,1972,1972,1972,0,0,0,0,0,0,0,0,0,0
1,70-79,2021-05,748,748,748,748,748,748,748,748,748,748,748,0,0,0,0,0,0,0,0,0,0
0,70-79,2020-01,4140,4140,4140,4140,4140,4140,4140,4140,4140,4140,4140,0,0,0,0,0,0,0,0,0,0
0,70-79,2020-02,3857,3857,3857,3857,3857,3857,3857,3857,3857,3857,3857,0,0,0,0,0,0,0,0,0,0
0,70-79,2020-03,4098,4098,4098,4098,4098,4098,4098,4098,4098,4098,4098,0,0,0,0,0,0,0,0,0,0
0,70-79,2020-04,3927,3927,3927,3927,3927,3927,3927,3927,3927,3927,3927,0,0,0,0,0,0,0,0,0,0
0,70-79,2020-05,4030,4030,4030,4030,4030,4030,4030,4030,4030,4030,4030,0,0,0,0,0,0,0,0,0,0
0,70-79,2020-06,3876,3876,3876,3876,3876,3876,3876,3876,3876,3876,3876,0,0,0,0,0,0,0,0,0,0
0,70-79,2020-07,3956,3956,3956,3956,3956,3956,3956,3956,3956,3956,3956,0,0,0,0,0,0,0,0,0,0
0,70-79,2020-08,3935,3935,3935,3935,3935,3935,3935,3935,3935,3935,3935,0,0,0,0,0,0,0,0,0,0
0,70-79,2020-09,3773,3773,3773,3773,3773,3773,3773,3773,3773,3773,3773,0,0,0,0,0,0,0,0,0,0
0,70-79,2020-10,3828,3828,3828,3828,3828,3828,3828,3828,3828,3828,3828,0,0,0,0,0,0,0,0,0,0
0,70-79,2020-11,3684,3684,3684,3684,3684,3684,3684,3684,3684,3684,3684,0,0,0,0,0,0,0,0,0,0
0,70-79,2020-12,3780,3780,3780,3780,3780,3780,3780,3780,3780,3780,3780,0,0,0,0,0,0,0,0,0,0
0,70-79,2021-01,3658,3658,3658,3658,3658,3658,3658,3658,3658,3658,3658,0,0,0,0,0,0,0,0,0,0
0,70-79,2021-02,3229,3229,3229,3229,3229,3229,3229,3229,3229,3229,3229,0,0,0,0,0,0,0,0,0,0
0,30-39,2020-01,3442,3442,3442,3442,3442,3442,3442,3442,3442,3442,3442,0,0,0,0,0,0,0,0,0,0
0,30-39,2020-02,3204,3204,3204,3204,3204,3204,3204,3204,3204,3204,3204,0,0,0,0,0,0,0,0,0,0
0,30-39,2020-03,3392,3392,3392,3392,3392,3392,3392,3392,3392,3392,3392,0,0,0,0,0,0,0,0,0,0
0,30-39,2020-04,3256,3256,3256,3256,3256,3256,3256,3256,3256,3256,3256,0,0,0,0,0,0,0,0,0,0
0,30-39,2020-05,3325,3325,3325,3325,3325,3325,3325,3325,3325,3325,3325,0,0,0,0,0,0,0,0,0,0
0,5-11,2020-01,1147,1147,1147,1147,1147,1147,1147,1147,1147,1147,1147,0,0,0,0,0,0,0,0,0,0
0,5-11,2020-02,1073,1073,1073,1073,1073,1073,1073,1073,1073,1073,1073,0,0,0,0,0,0,0,0,0,0
0,5-11,2020-03,1147,1147,1147,1147,1147,1147,1147,1147,1147,1147,1147,0,0,0,0,0,0,0,0,0,0
0,5-11,2020-04,1110,1110,1110,1110,1110,1110,1110,1110,1110,1110,1110,0,0,0,0,0,0,0,0,0,0
0,5-11,2020-05,1147,1147,1147,1147,1147,1147,1147,1147,1147,1147,1147,0,0,0,0,0,0,0,0,0,0
0,5-11,2020-06,1110,1110,1110,1110,1110,1110,1110,1110,1110,1110,1110,0,0,0,0,0,0,0,0,0,0
0,5-11,2020-07,1147,1147,1147,1147,1147,1147,1147,1147,1147,1147,1147,0,0,0,0,0,0,0,0,0,0
0,5-11,2020-08,1147,1147,1147,1147,1147,1147,1147,1147,1147,1147,1147,0,0,0,0,0,0,0,0,0,0
0,5-11,2020-09,1110,1110,1110,1110,1110,1110,1110,1110,1110,1110,1110,0,0,0,0,0,0,0,0,0,0
0,5-11,2020-10,1147,1147,1147,1147,1147,1147,1147,1147,1147,1147,1147,0,0,0,0,0,0,0,0,0,0
0,5-11,2020-11,1085,1085,1085,1085,1085,1085,1085,1085,1085,1085,1085,0,0,0,0,0,0,0,0,0,0
0,5-11,2020-12,1116,1116,1116,1116,1116,1116,1116,1116,1116,1116,1116,0,0,0,0,0,0,0,0,0,0
0,5-11,2021-01,1113,1113,1113,1113,1113,1113,1113,1113,1113,1113,1113,0,0,0,0,0,0,0,0,0,0
0,5-11,2021-02,980,980,980,980,980,980,980,980,980,980,980,0,0,0,0,0,0,0,0,0,0
0,5-11,2021-03,1085,1085,1085,1085,1085,1085,1085,1085,1085,1085,1085,0,0,0,0,0,0,0,0,0,0
0,5-11,2021-04,1044,1044,1044,1044,1044,1044,1044,1044,1044,1044,1044,0,0,0,0,0,0,0,0,0,0
0,5-11,2021-05,1054,1054,1054,1054,1054,1054,1054,1054,1054,1054,1054,0,0,0,0,0,0,0,0,0,0
0,5-11,2021-06,1020,1020,1020,1020,1020,1020,1020,1020,1020,1020,1020,0,0,0,0,0,0,0,0,0,0
1,5-11,2020-01,1426,1426,1426,1426,1426,1426,1426,1426,1426,1426,1426,0,0,0,0,0,0,0,0,0,0
1,5-11,2020-02,1334,1334,1334,1334,1334,1334,1334,1334,1334,1334,1334,0,0,0,0,0,0,0,0,0,0
1,5-11,2020-03,1426,1426,1426,1426,1426,1426,1426,1426,1426,1426,1426,0,0,0,0,0,0,0,0,0,0
1,5-11,2020-04,1380,1380,1380,1380,1380,1380,1380,1380,1380,1380,1380,0,0,0,0,0,0,0,0,0,0
1,5-11,2020-05,1426,1426,1426,1426,1426,1426,1426,1426,1426,1426,1426,0,0,0,0,0,0,0,0,0,0
1,5-11,2020-06,1380,1380,1380,1380,1380,1380,1380,1380,1380,1380,1380,0,0,0,0,0,0,0,0,0,0
1,5-11,2020-07,1426,1426,1426,1426,1426,1426,1426,1426,1426,1426,1426,0,0,0,0,0,0,0,0,0,0
1,5-11,2020-08,1426,1426,1426,1426,1426,1426,1426,1426,1426,1426,1426,0,0,0,0,0,0,0,0,0,0
1,5-11,2020-09,1380,1380,1380,1380,1380,1380,1380,1380,1380,1380,1380,0,0,0,0,0,0,0,0,0,0
1,5-11,2020-10,1406,1406,1406,1406,1406,1406,1406,1406,1406,1406,1406,0,0,0,0,0,0,0,0,0,0
1,5-11,2020-11,1290,1290,1290,1290,1290,1290,1290,1290,1290,1290,1290,0,0,0,0,0,0,0,0,0,0
1,5-11,2020-12,1310,1310,1310,1310,1310,1310,1310,1310,1310,1310,1310,0,0,0,0,0,0,0,0,0,0
1,5-11,2021-01,1302,1302,1302,1302,1302,1302,1302,1302,1302,1302,1302,0,0,0,0,0,0,0,0,0,0
1,5-11,2021-02,1176,1176,1176,1176,1176,1176,1176,1176,1176,1176,1176,0,0,0,0,0,0,0,0,0,0
1,5-11,2021-03,1302,1302,1302,1302,1302,1302,1302,1302,1302,1302,1302,0,0,0,0,0,0,0,0,0,0
1,5-11,2021-04,1260,1260,1260,1260,1260,1260,1260,1260,1260,1260,1260,0,0,0,0,0,0,0,0,0,0
1,5-11,2021-05,1302,1302,1302,1302,1302,1302,1302,1302,1302,1302,1302,0,0,0,0,0,0,0,0,0,0
1,5-11,2021-06,1236,1236,1236,1236,1236,1236,1236,1236,1236,1236,1236,0,0,0,0,0,0,0,0,0,0
1,60-69,2020-01,4686,4686,4686,4686,4686,4686,4686,4686,4686,4686,4686,0,0,0,0,0,0,0,0,0,0
1,60-69,2020-02,4331,4331,4331,4331,4331,4331,4331,4331,4331,4331,4331,0,0,0,0,0,0,0,0,0,0
1,60-69,2020-03,4588,4588,4588,4588,4588,4588,4588,4588,4588,4588,4588,0,0,0,0,0,0,0,0,0,0
1,60-69,2020-04,4414,4414,4414,4414,4414,4414,4414,4414,4414,4414,4414,0,0,0,0,0,0,0,0,0,0
1,60-69,2020-05,4511,4511,4511,4511,4511,4511,4511,4511,4511,4511,4511,0,0,0,0,0,0,0,0,0,0
1,60-69,2020-06,4321,4321,4321,4321,4321,4321,4321,4321,4321,4321,4321,0,0,0,0,0,0,0,0,0,0
1,60-69,2020-07,4464,4464,4464,4464,4464,4464,4464,4464,4464,4464,4464,0,0,0,0,0,0,0,0,0,0
1,60-69,2020-08,4382,4382,4382,4382,4382,4382,4382,4382,4382,4382,4382,0,0,0,0,0,0,0,0,0,0
1,60-69,2020-09,4189,4189,4189,4189,4189,4189,4189,4189,4189,4189,4189,0,0,0,0,0,0,0,0,0,0
1,60-69,2020-10,4303,4303,4303,4303,4303,4303,4303,4303,4303,4303,4303,0,0,0,0,0,0,0,0,0,0
1,60-69,2020-11,4120,4120,4120,4120,4120,4120,4120,4120,4120,4120,4120,0,0,0,0,0,0,0,0,0,0
1,60-69,2020-12,4232,4232,4232,4232,4232,4232,4232,4232,4232,4232,4232,0,0,0,0,0,0,0,0,0,0
1,60-69,2021-01,4021,4021,4021,4021,4021,4021,4021,4021,4021,4021,4021,0,0,0,0,0,0,0,0,0,0
1,60-69,2021-02,3558,3558,3558,3558,3558,3558,3558,3558,3558,3558,3558,0,0,0,0,0,0,0,0,0,0
1,60-69,2021-03,3810,3810,3810,3810,3810,3810,3810,3810,3810,3810,3810,0,0,0,0,0,0,0,0,0,0
0,60-69,2020-01,4991,4991,4991,4991,4991,4991,4991,4991,4991,4991,4991,0,0,0,0,0,0,0,0,0,0
0,60-69,2020-02,4669,4669,4669,4669,4669,4669,4669,4669,4669,4669,4669,0,0,0,0,0,0,0,0,0,0
0,60-69,2020-03,4964,4964,4964,4964,4964,4964,4964,4964,4964,4964,4964,0,0,0,0,0,0,0,0,0,0
0,60-69,2020-04,4790,4790,4790,4790,4790,4790,4790,4790,4790,4790,4790,0,0,0,0,0,0,0,0,0,0
0,60-69,2020-05,4896,4896,4896,4896,4896,4896,4896,4896,4896,4896,4896,0,0,0,0,0,0,0,0,0,0
0,60-69,2020-06,4650,4650,4650,4650,4650,4650,4650,4650,4650,4650,4650,0,0,0,0,0,0,0,0,0,0
0,60-69,2020-07,4805,4805,4805,4805,4805,4805,4805,4805,4805,4805,4805,0,0,0,0,0,0,0,0,0,0
0,60-69,2020-08,4789,4789,4789,4789,4789,4789,4789,4789,4789,4789,4789,0,0,0,0,0,0,0,0,0,0
0,60-69,2020-09,4443,4443,4443,4443,4443,4443,4443,4443,4443,4443,4443,0,0,0,0,0,0,0,0,0,0
0,60-69,2020-10,4503,4503,4503,4503,4503,4503,4503,4503,4503,4503,4503,0,0,0,0,0,0,0,0,0,0
0,60-69,2020-11,4317,4317,4317,4317,4317,4317,4317,4317,4317,4317,4317,0,0,0,0,0,0,0,0,0,0
0,60-69,2020-12,4332,4332,4332,4332,4332,4332,4332,4332,4332,4332,4332,0,0,0,0,0,0,0,0,0,0
0,60-69,2021-01,4124,4124,4124,4124,4124,4124,4124,4124,4124,4124,4124,0,0,0,0,0,0,0,0,0,0
0,60-69,2021-02,3534,3534,3534,3534,3534,3534,3534,3534,3534,3534,3534,0,0,0,0,0,0,0,0,0,0
0,60-69,2021-03,3687,3687,3687,3687,3687,3687,3687,3687,3687,3687,3687,0,0,0,0,0,0,0,0,0,0
0,18-24,2020-01,1395,1395,1395,1395,1395,1395,1395,1395,1395,1395,1395,0,0,0,0,0,0,0,0,0,0
0,18-24,2020-02,1305,1305,1305,1305,1305,1305,1305,1305,1305,1305,1305,0,0,0,0,0,0,0,0,0,0
0,18-24,2020-03,1382,1382,1382,1382,1382,1382,1382,1382,1382,1382,1382,0,0,0,0,0,0,0,0,0,0
0,18-24,2020-04,1313,1313,1313,1313,1313,1313,1313,1313,1313,1313,1313,0,0,0,0,0,0,0,0,0,0
0,18-24,2020-05,1333,1333,1333,1333,1333,1333,1333,1333,1333,1333,1333,0,0,0,0,0,0,0,0,0,0
0,18-24,2020-06,1290,1290,1290,1290,1290,1290,1290,1290,1290,1290,1290,0,0,0,0,0,0,0,0,0,0
0,18-24,2020-07,1328,1328,1328,1328,1328,1328,1328,1328,1328,1328,1328,0,0,0,0,0,0,0,0,0,0
0,18-24,2020-08,1302,1302,1302,1302,1302,1302,1302,1302,1302,1302,1302,0,0,0,0,0,0,0,0,0,0
0,18-24,2020-09,1260,1260,1260,1260,1260,1260,1260,1260,1260,1260,1260,0,0,0,0,0,0,0,0,0,0
0,18-24,2020-10,1302,1302,1302,1302,1302,1302,1302,1302,1302,1302,1302,0,0,0,0,0,0,0,0,0,0
0,18-24,2020-11,1247,1247,1247,1247,1247,1247,1247,1247,1247,1247,1247,0,0,0,0,0,0,0,0,0,0
0,18-24,2020-12,1244,1244,1244,1244,1244,1244,1244,1244,1244,1244,1244,0,0,0,0,0,0,0,0,0,0
0,18-24,2021-01,1186,1186,1186,1186,1186,1186,1186,1186,1186,1186,1186,0,0,0,0,0,0,0,0,0,0
0,18-24,2021-02,1014,1014,1014,1014,1014,1014,1014,1014,1014,1014,1014,0,0,0,0,0,0,0,0,0,0
0,18-24,2021-03,1062,1062,1062,1062,1062,1062,1062,1062,1062,1062,1062,0,0,0,0,0,0,0,0,0,0
0,18-24,2021-04,977,977,977,977,977,977,977,977,977,977,977,0,0,0,0,0,0,0,0,0,0
0,18-24,2021-05,956,956,956,956,956,956,956,956,956,956,956,0,0,0,0,0,0,0,0,0,0
0,18-24,2021-06,748,748,748,748,748,748,748,748,748,748,748,0,0,0,0,0,0,0,0,0,0
0,60-69,2021-04,3266,3266,3266,3266,3266,3266,3266,3266,3266,3266,3266,0,0,0,0,0,0,0,0,0,0
0,60-69,2021-05,2551,2551,2551,2551,2551,2551,2551,2551,2551,2551,2551,0,0,0,0,0,0,0,0,0,0
0,25-29,2020-01,1798,1798,1798,1798,1798,1798,1798,1798,1798,1798,1798,0,0,0,0,0,0,0,0,0,0
0,25-29,2020-02,1682,1682,1682,1682,1682,1682,1682,1682,1682,1682,1682,0,0,0,0,0,0,0,0,0,0
0,25-29,2020-03,1770,1770,1770,1770,1770,1770,1770,1770,1770,1770,1770,0,0,0,0,0,0,0,0,0,0
0,25-29,2020-04,1710,1710,1710,1710,1710,1710,1710,1710,1710,1710,1710,0,0,0,0,0,0,0,0,0,0
0,25-29,2020-05,1744,1744,1744,1744,1744,1744,1744,1744,1744,1744,1744,0,0,0,0,0,0,0,0,0,0
0,25-29,2020-06,1649,1649,1649,1649,1649,1649,1649,1649,1649,1649,1649,0,0,0,0,0,0,0,0,0,0
0,25-29,2020-07,1674,1674,1674,1674,1674,1674,1674,1674,1674,1674,1674,0,0,0,0,0,0,0,0,0,0
0,25-29,2020-08,1660,1660,1660,1660,1660,1660,1660,1660,1660,1660,1660,0,0,0,0,0,0,0,0,0,0
0,25-29,2020-09,1586,1586,1586,1586,1586,1586,1586,1586,1586,1586,1586,0,0,0,0,0,0,0,0,0,0
0,25-29,2020-10,1612,1612,1612,1612,1612,1612,1612,1612,1612,1612,1612,0,0,0,0,0,0,0,0,0,0
0,25-29,2020-11,1560,1560,1560,1560,1560,1560,1560,1560,1560,1560,1560,0,0,0,0,0,0,0,0,0,0
0,25-29,2020-12,1612,1612,1612,1612,1612,1612,1612,1612,1612,1612,1612,0,0,0,0,0,0,0,0,0,0
0,25-29,2021-01,1597,1597,1597,1597,1597,1597,1597,1597,1597,1597,1597,0,0,0,0,0,0,0,0,0,0
0,25-29,2021-02,1380,1380,1380,1380,1380,1380,1380,1380,1380,1380,1380,0,0,0,0,0,0,0,0,0,0
0,25-29,2021-03,1457,1457,1457,1457,1457,1457,1457,1457,1457,1457,1457,0,0,0,0,0,0,0,0,0,0
0,25-29,2021-04,1390,1390,1390,1390,1390,1390,1390,1390,1390,1390,1390,0,0,0,0,0,0,0,0,0,0
0,25-29,2021-05,1350,1350,1350,1350,1350,1350,1350,1350,1350,1350,1350,0,0,0,0,0,0,0,0,0,0
0,25-29,2021-06,1166,1166,1166,1166,1166,1166,1166,1166,1166,1166,1166,0,0,0,0,0,0,0,0,0,0
0,30-39,2020-06,3210,3210,3210,3210,3210,3210,3210,3210,3210,3210,3210,0,0,0,0,0,0,0,0,0,0
0,30-39,2020-07,3312,3312,3312,3312,3312,3312,3312,3312,3312,3312,3312,0,0,0,0,0,0,0,0,0,0
0,30-39,2020-08,3286,3286,3286,3286,3286,3286,3286,3286,3286,3286,3286,0,0,0,0,0,0,0,0,0,0
0,30-39,2020-09,3180,3180,3180,3180,3180,3180,3180,3180,3180,3180,3180,0,0,0,0,0,0,0,0,0,0
0,30-39,2020-10,3286,3286,3286,3286,3286,3286,3286,3286,3286,3286,3286,0,0,0,0,0,0,0,0,0,0
0,30-39,2020-11,3166,3166,3166,3166,3166,3166,3166,3166,3166,3166,3166,0,0,0,0,0,0,0,0,0,0
0,30-39,2020-12,3192,3192,3192,3192,3192,3192,3192,3192,3192,3192,3192,0,0,0,0,0,0,0,0,0,0
0,30-39,2021-01,3023,3023,3023,3023,3023,3023,3023,3023,3023,3023,3023,0,0,0,0,0,0,0,0,0,0
0,30-39,2021-02,2662,2662,2662,2662,2662,2662,2662,2662,2662,2662,2662,0,0,0,0,0,0,0,0,0,0
0,30-39,2021-03,2765,2765,2765,2765,2765,2765,2765,2765,2765,2765,2765,0,0,0,0,0,0,0,0,0,0
0,30-39,2021-04,2547,2547,2547,2547,2547,2547,2547,2547,2547,2547,2547,0,0,0,0,0,0,0,0,0,0
0,30-39,2021-05,2536,2536,2536,2536,2536,2536,2536,2536,2536,2536,2536,0,0,0,0,0,0,0,0,0,0
0,30-39,2021-06,2021,2021,2021,2021,2021,2021,2021,2021,2021,2021,2021,0,0,0,0,0,0,0,0,0,0
0,60-69,2021-06,883,883,883,883,883,883,883,883,883,883,883,0,0,0,0,0,0,0,0,0,0
0,0-4,2020-01,372,372,372,372,372,372,372,372,372,372,372,0,0,0,0,0,0,0,0,0,0
0,0-4,2020-02,348,348,348,348,348,348,348,348,348,348,348,0,0,0,0,0,0,0,0,0,0
0,0-4,2020-03,372,372,372,372,372,372,372,372,372,372,372,0,0,0,0,0,0,0,0,0,0
0,0-4,2020-04,360,360,360,360,360,360,360,360,360,360,360,0,0,0,0,0,0,0,0,0,0
0,0-4,2020-05,372,372,372,372,372,372,372,372,372,372,372,0,0,0,0,0,0,0,0,0,0
0,0-4,2020-06,360,360,360,360,360,360,360,360,360,360,360,0,0,0,0,0,0,0,0,0,0
0,0-4,2020-07,372,372,372,372,372,372,372,372,372,372,372,0,0,0,0,0,0,0,0,0,0
0,0-4,2020-08,372,372,372,372,372,372,372,372,372,372,372,0,0,0,0,0,0,0,0,0,0
0,0-4,2020-09,332,332,332,332,332,332,332,332,332,332,332,0,0,0,0,0,0,0,0,0,0
0,0-4,2020-10,327,327,327,327,327,327,327,327,327,327,327,0,0,0,0,0,0,0,0,0,0
1,80+,2020-01,3386,3386,3386,3386,3386,3386,3386,3386,3386,3386,3386,0,0,0,0,0,0,0,0,0,0
1,80+,2020-02,3087,3087,3087,3087,3087,3087,3087,3087,3087,3087,3087,0,0,0,0,0,0,0,0,0,0
1,80+,2020-03,3224,3224,3224,3224,3224,3224,3224,3224,3224,3224,3224,0,0,0,0,0,0,0,0,0,0
1,80+,2020-04,3090,3090,3090,3090,3090,3090,3090,3090,3090,3090,3090,0,0,0,0,0,0,0,0,0,0
1,80+,2020-05,3162,3162,3162,3162,3162,3162,3162,3162,3162,3162,3162,0,0,0,0,0,0,0,0,0,0
1,80+,2020-06,3060,3060,3060,3060,3060,3060,3060,3060,3060,3060,3060,0,0,0,0,0,0,0,0,0,0
1,80+,2020-07,3129,3129,3129,3129,3129,3129,3129,3129,3129,3129,3129,0,0,0,0,0,0,0,0,0,0
1,80+,2020-08,3085,3085,3085,3085,3085,3085,3085,3085,3085,3085,3085,0,0,0,0,0,0,0,0,0,0
1,80+,2020-09,2967,2967,2967,2967,2967,2967,2967,2967,2967,2967,2967,0,0,0,0,0,0,0,0,0,0
1,80+,2020-10,3000,3000,3000,3000,3000,3000,3000,3000,3000,3000,3000,0,0,0,0,0,0,0,0,0,0
1,80+,2020-11,2842,2842,2842,2842,2842,2842,2842,2842,2842,2842,2842,0,0,0,0,0,0,0,0,0,0
1,80+,2020-12,2835,2835,2835,2835,2835,2835,2835,2835,2835,2835,2835,0,0,0,0,0,0,0,0,0,0
1,80+,2021-01,2701,2701,2701,2701,2701,2701,2701,2701,2701,2701,2701,0,0,0,0,0,0,0,0,0,0
1,80+,2021-02,2401,2401,2401,2401,2401,2401,2401,2401,2401,2401,2401,0,0,0,0,0,0,0,0,0,0
1,80+,2021-03,2136,2136,2136,2136,2136,2136,2136,2136,2136,2136,2136,0,0,0,0,0,0,0,0,0,0
0,70-79,2021-03,3495,3495,3495,3495,3495,3495,3495,3495,3495,3495,3495,0,0,0,0,0,0,0,0,0,0
0,70-79,2021-04,2311,2311,2311,2311,2311,2311,2311,2311,2311,2311,2311,0,0,0,0,0,0,0,0,0,0
0,70-79,2021-05,994,994,994,994,994,994,994,994,994,994,994,0,0,0,0,0,0,0,0,0,0
0,0-4,2020-11,250,250,250,250,250,250,250,250,250,250,250,0,0,0,0,0,0,0,0,0,0
0,0-4,2020-12,248,248,248,248,248,248,248,248,248,248,248,0,0,0,0,0,0,0,0,0,0
0,0-4,2021-01,248,248,248,248,248,248,248,248,248,248,248,0,0,0,0,0,0,0,0,0,0
0,0-4,2021-02,224,224,224,224,224,224,224,224,224,224,224,0,0,0,0,0,0,0,0,0,0
0,0-4,2021-03,248,248,248,248,248,248,248,248,248,248,248,0,0,0,0,0,0,0,0,0,0
0,0-4,2021-04,240,240,240,240,240,240,240,240,240,240,240,0,0,0,0,0,0,0,0,0,0
0,0-4,2021-05,248,248,248,248,248,248,248,248,248,248,248,0,0,0,0,0,0,0,0,0,0
0,0-4,2021-06,240,240,240,240,240,240,240,240,240,240,240,0,0,0,0,0,0,0,0,0,0
0,70-79,2021-06,359,359,359,359,359,359,359,359,359,359,359,0,0,0,0,0,0,0,0,0,0
1,60-69,2021-04,3404,3404,3404,3404,3404,3404,3404,3404,3404,3404,3404,0,0,0,0,0,0,0,0,0,0
1,60-69,2021-05,2305,2305,2305,2305,2305,2305,2305,2305,2305,2305,2305,0,0,0,0,0,0,0,0,0,0
0,12-17,2020-01,1289,1289,1289,1289,1289,1289,1289,1289,1289,1289,1289,0,0,0,0,0,0,0,0,0,0
0,12-17,2020-02,1189,1189,1189,1189,1189,1189,1189,1189,1189,1189,1189,0,0,0,0,0,0,0,0,0,0
0,12-17,2020-03,1271,1271,1271,1271,1271,1271,1271,1271,1271,1271,1271,0,0,0,0,0,0,0,0,0,0
0,12-17,2020-04,1230,1230,1230,1230,1230,1230,1230,1230,1230,1230,1230,0,0,0,0,0,0,0,0,0,0
0,12-17,2020-05,1271,1271,1271,1271,1271,1271,1271,1271,1271,1271,1271,0,0,0,0,0,0,0,0,0,0
0,12-17,2020-06,1230,1230,1230,1230,1230,1230,1230,1230,1230,1230,1230,0,0,0,0,0,0,0,0,0,0
0,12-17,2020-07,1271,1271,1271,1271,1271,1271,1271,1271,1271,1271,1271,0,0,0,0,0,0,0,0,0,0
0,12-17,2020-08,1230,1230,1230,1230,1230,1230,1230,1230,1230,1230,1230,0,0,0,0,0,0,0,0,0,0
0,12-17,2020-09,1170,1170,1170,1170,1170,1170,1170,1170,1170,1170,1170,0,0,0,0,0,0,0,0,0,0
0,12-17,2020-10,1209,1209,1209,1209,1209,1209,1209,1209,1209,1209,1209,0,0,0,0,0,0,0,0,0,0
0,12-17,2020-11,1113,1113,1113,1113,1113,1113,1113,1113,1113,1113,1113,0,0,0,0,0,0,0,0,0,0
0,12-17,2020-12,1085,1085,1085,1085,1085,1085,1085,1085,1085,1085,1085,0,0,0,0,0,0,0,0,0,0
0,12-17,2021-01,1082,1082,1082,1082,1082,1082,1082,1082,1082,1082,1082,0,0,0,0,0,0,0,0,0,0
0,12-17,2021-02,951,951,951,951,951,951,951,951,951,951,951,0,0,0,0,0,0,0,0,0,0
0,12-17,2021-03,1023,1023,1023,1023,1023,1023,1023,1023,1023,1023,1023,0,0,0,0,0,0,0,0,0,0
0,12-17,2021-04,963,963,963,963,963,963,963,963,963,963,963,0,0,0,0,0,0,0,0,0,0
0,12-17,2021-05,964,964,964,964,964,964,964,964,964,964,964,0,0,0,0,0,0,0,0,0,0
0,12-17,2021-06,896,896,896,896,896,896,896,896,896,896,896,0,0,0,0,0,0,0,0,0,0
1,80+,2021-04,777,777,777,777,777,777,777,777,777,777,777,0,0,0,0,0,0,0,0,0,0
1,12-17,2020-01,1634,1634,1634,1634,1634,1634,1634,1634,1634,1634,1634,0,0,0,0,0,0,0,0,0,0
1,12-17,2020-02,1508,1508,1508,1508,1508,1508,1508,1508,1508,1508,1508,0,0,0,0,0,0,0,0,0,0
1,12-17,2020-03,1557,1557,1557,1557,1557,1557,1557,1557,1557,1557,1557,0,0,0,0,0,0,0,0,0,0
1,12-17,2020-04,1500,1500,1500,1500,1500,1500,1500,1500,1500,1500,1500,0,0,0,0,0,0,0,0,0,0
1,12-17,2020-05,1549,1549,1549,1549,1549,1549,1549,1549,1549,1549,1549,0,0,0,0,0,0,0,0,0,0
1,12-17,2020-06,1470,1470,1470,1470,1470,1470,1470,1470,1470,1470,1470,0,0,0,0,0,0,0,0,0,0
1,12-17,2020-07,1508,1508,1508,1508,1508,1508,1508,1508,1508,1508,1508,0,0,0,0,0,0,0,0,0,0
1,12-17,2020-08,1481,1481,1481,1481,1481,1481,1481,1481,1481,1481,1481,0,0,0,0,0,0,0,0,0,0
1,12-17,2020-09,1363,1363,1363,1363,1363,1363,1363,1363,1363,1363,1363,0,0,0,0,0,0,0,0,0,0
1,12-17,2020-10,1395,1395,1395,1395,1395,1395,1395,1395,1395,1395,1395,0,0,0,0,0,0,0,0,0,0
1,12-17,2020-11,1350,1350,1350,1350,1350,1350,1350,1350,1350,1350,1350,0,0,0,0,0,0,0,0,0,0
1,12-17,2020-12,1395,1395,1395,1395,1395,1395,1395,1395,1395,1395,1395,0,0,0,0,0,0,0,0,0,0
1,12-17,2021-01,1365,1365,1365,1365,1365,1365,1365,1365,1365,1365,1365,0,0,0,0,0,0,0,0,0,0
1,12-17,2021-02,1204,1204,1204,1204,1204,1204,1204,1204,1204,1204,1204,0,0,0,0,0,0,0,0,0,0
1,12-17,2021-03,1333,1333,1333,1333,1333,1333,1333,1333,1333,1333,1333,0,0,0,0,0,0,0,0,0,0
1,12-17,2021-04,1290,1290,1290,1290,1290,1290,1290,1290,1290,1290,1290,0,0,0,0,0,0,0,0,0,0
1,12-17,2021-05,1333,1333,1333,1333,1333,1333,1333,1333,1333,1333,1333,0,0,0,0,0,0,0,0,0,0
1,12-17,2021-06,1232,1232,1232,1232,1232,1232,1232,1232,1232,1232,1232,0,0,0,0,0,0,0,0,0,0
1,60-69,2021-06,691,691,691,691,691,691,691,691,691,691,691,0,0,0,0,0,0,0,0,0,0
1,70-79,2021-06,333,333,333,333,333,333,333,333,333,333,333,0,0,0,0,0,0,0,0,0,0
1,18-24,2020-01,1519,1519,1519,1519,1519,1519,1519,1519,1519,1519,1519,0,0,0,0,0,0,0,0,0,0
1,18-24,2020-02,1421,1421,1421,1421,1421,1421,1421,1421,1421,1421,1421,0,0,0,0,0,0,0,0,0,0
1,18-24,2020-03,1519,1519,1519,1519,1519,1519,1519,1519,1519,1519,1519,0,0,0,0,0,0,0,0,0,0
1,18-24,2020-04,1454,1454,1454,1454,1454,1454,1454,1454,1454,1454,1454,0,0,0,0,0,0,0,0,0,0
1,18-24,2020-05,1457,1457,1457,1457,1457,1457,1457,1457,1457,1457,1457,0,0,0,0,0,0,0,0,0,0
1,18-24,2020-06,1410,1410,1410,1410,1410,1410,1410,1410,1410,1410,1410,0,0,0,0,0,0,0,0,0,0
1,18-24,2020-07,1436,1436,1436,1436,1436,1436,1436,1436,1436,1436,1436,0,0,0,0,0,0,0,0,0,0
1,18-24,2020-08,1395,1395,1395,1395,1395,1395,1395,1395,1395,1395,1395,0,0,0,0,0,0,0,0,0,0
1,18-24,2020-09,1350,1350,1350,1350,1350,1350,1350,1350,1350,1350,1350,0,0,0,0,0,0,0,0,0,0
1,18-24,2020-10,1373,1373,1373,1373,1373,1373,1373,1373,1373,1373,1373,0,0,0,0,0,0,0,0,0,0
1,18-24,2020-11,1290,1290,1290,1290,1290,1290,1290,1290,1290,1290,1290,0,0,0,0,0,0,0,0,0,0
1,18-24,2020-12,1333,1333,1333,1333,1333,1333,1333,1333,1333,1333,1333,0,0,0,0,0,0,0,0,0,0
1,18-24,2021-01,1266,1266,1266,1266,1266,1266,1266,1266,1266,1266,1266,0,0,0,0,0,0,0,0,0,0
1,18-24,2021-02,1110,1110,1110,1110,1110,1110,1110,1110,1110,1110,1110,0,0,0,0,0,0,0,0,0,0
1,18-24,2021-03,1188,1188,1188,1188,1188,1188,1188,1188,1188,1188,1188,0,0,0,0,0,0,0,0,0,0
1,18-24,2021-04,1140,1140,1140,1140,1140,1140,1140,1140,1140,1140,1140,0,0,0,0,0,0,0,0,0,0
1,18-24,2021-05,1135,1135,1135,1135,1135,1135,1135,1135,1135,1135,1135,0,0,0,0,0,0,0,0,0,0
1,18-24,2021-06,984,984,984,984,984,984,984,984,984,984,984,0,0,0,0,0,0,0,0,0,0
0,80+,2021-05,381,381,381,381,381,381,381,381,381,381,381,0,0,0,0,0,0,0,0,0,0
0,80+,2021-06,325,325,325,325,325,325,325,325,325,325,325,0,0,0,0,0,0,0,0,0,0
1,0-4,2020-01,434,434,434,434,434,434,434,434,434,434,434,0,0,0,0,0,0,0,0,0,0
1,0-4,2020-02,406,406,406,406,406,406,406,406,406,406,406,0,0,0,0,0,0,0,0,0,0
1,0-4,2020-03,434,434,434,434,434,434,434,434,434,434,434,0,0,0,0,0,0,0,0,0,0
1,0-4,2020-04,420,420,420,420,420,420,420,420,420,420,420,0,0,0,0,0,0,0,0,0,0
1,0-4,2020-05,434,434,434,434,434,434,434,434,434,434,434,0,0,0,0,0,0,0,0,0,0
1,0-4,2020-06,420,420,420,420,420,420,420,420,420,420,420,0,0,0,0,0,0,0,0,0,0
1,0-4,2020-07,434,434,434,434,434,434,434,434,434,434,434,0,0,0,0,0,0,0,0,0,0
1,0-4,2020-08,434,434,434,434,434,434,434,434,434,434,434,0,0,0,0,0,0,0,0,0,0
1,0-4,2020-09,420,420,420,420,420,420,420,420,420,420,420,0,0,0,0,0,0,0,0,0,0
1,0-4,2020-10,434,434,434,434,434,434,434,434,434,434,434,0,0,0,0,0,0,0,0,0,0
1,0-4,2020-11,420,420,420,420,420,420,420,420,420,420,420,0,0,0,0,0,0,0,0,0,0
1,0-4,2020-12,434,434,434,434,434,434,434,434,434,434,434,0,0,0,0,0,0,0,0,0,0
1,0-4,2021-01,426,426,426,426,426,426,426,426,426,426,426,0,0,0,0,0,0,0,0,0,0
1,0-4,2021-02,364,364,364,364,364,364,364,364,364,364,364,0,0,0,0,0,0,0,0,0,0
1,0-4,2021-03,403,403,403,403,403,403,403,403,403,403,403,0,0,0,0,0,0,0,0,0,0
1,0-4,2021-04,383,383,383,383,383,383,383,383,383,383,383,0,0,0,0,0,0,0,0,0,0
1,0-4,2021-05,372,372,372,372,372,372,372,372,372,372,372,0,0,0,0,0,0,0,0,0,0
1,0-4,2021-06,360,360,360,360,360,360,360,360,360,360,360,0,0,0,0,0,0,0,0,0,0
1,80+,2021-05,188,188,188,188,188,188,188,188,188,188,188,0,0,0,0,0,0,0,0,0,0
1,80+,2021-06,156,156,156,156,156,156,156,156,156,156,156,0,0,0,0,0,0,0,0,0,0
